name,cpu_score,gpu_score,rank
Acer T08,3133,44532,608
Alcatelonetouch 5049Z,2772,50891,643
Allwinner QUAD-CORE A64 ococci,2010,39247,714
Alps Fusion5,2560,42285,667
Alps K109,3397,55874,558
Amazon KFSUWI,4599,75992,369
Amlogic H96 PRO+,3455,74481,543
Amlogic T95ZPLUS,3162,75066,605
Amzn Fire Phone,2173,80189,696
Android T900,3129,45727,610
Archos 101b Oxygen,4445,53294,383
Asus ASUS_A002,9485,69825,106
Asus ASUS_A002A,10402,98667,100
Asus ASUS_A006,7718,64136,155
Asus ASUS_P00J,7106,124151,188
Asus ASUS_T00N,3151,78393,606
Asus ASUS_X008D,3349,48559,565
Asus ASUS_X008DA,2665,41948,653
Asus ASUS_X008DC,2709,43059,648
Asus ASUS_X00DD,3872,71127,474
Asus ASUS_X00ID,3537,70580,524
Asus ASUS_X00LD,3427,70218,548
Asus ASUS_X00QD,8496,166863,125
Asus ASUS_X00TD,6951,142648,196
Asus ASUS_X018D,3310,71552,574
Asus ASUS_Z00LD,2992,61451,628
Asus ASUS_Z00UD,3234,69983,594
Asus ASUS_Z010D,2311,53329,686
Asus ASUS_Z012D,5116,114270,325
Asus ASUS_Z012DC,5241,116585,311
Asus ASUS_Z012S,5278,114789,308
Asus ASUS_Z016D,8253,90048,131
Asus ASUS_Z017D,5480,119089,280
Asus ASUS_Z017DA,5186,116827,317
Asus ASUS_Z017DC,5173,119062,318
Asus ASUS_Z01GD,12438,192657,63
Asus ASUS_Z01HD,5391,115271,294
Asus ASUS_Z01HDA,5414,113305,291
Asus ASUS_Z01KD,5764,112359,256
Asus ASUS_Z01KDA,7921,168808,146
Asus ASUS_Z01MDA,5435,115013,285
Asus ASUS_Z01QD,16246,250379,7
Asus ASUS_Z01RD,15451,238571,15
Asus Nexus 7,2448,64027,679
Asus P008,6164,104608,233
Asus P00A,3874,45367,473
Asus P00C,4023,49438,445
Asus P027,5688,133899,265
Blackberry BBB100-1,5128,97187,323
Blackberry STV100-1,5139,79319,321
Blackberry STV100-4,4519,60091,375
Blackshark SKR-A0,13881,205571,37
Blackview BV6000,3902,94219,466
Blackview BV7000 PRO,3731,74760,488
Blackview BV8000Pro,4852,118701,345
Blu Life One X2,3901,74169,467
Blu Pure XR,3788,78149,482
Blu R1 HD,3119,44719,611
Blu Studio XL 2,2605,41247,660
Blu Vivo 5R,3636,60926,504
Bluboo S1,4254,119996,416
Bluebird msm8953 for arm64,3993,105256,452
Bq Aquaris U,3208,55468,600
Bq Aquaris X,5352,125692,300
Bullittgrouplimited Ektra,6429,159620,219
Bullittgrouplimited S41,5135,123376,322
Bullittgrouplimited S60,4737,109539,357
Cipherlab RS31,3240,45722,592
Cmdc M653,2316,42263,685
Coolpad C103,6364,114372,224
Cubot NOTE Plus,3654,49944,502
Doogee BL5000,3858,75718,477
Doogee F5,4185,64544,426
Doogee MIX2,5292,123838,307
Doogee X5max_PRO,2028,38085,711
Doogee X5pro,2180,35510,694
Doogee Y6 Max,3467,72893,540
Elephone P9000,3957,93205,460
Elephone S7,5841,171877,249
Elephone S8,5755,118765,259
Essential products PH-1,12808,193073,55
F7 F7,3951,99238,462
General mobile GM 5 Plus d,3890,65446,470
Gome 2016G68A,4771,115075,353
Google Chromebook 11 Model 3180,6751,31391,205
Google Chromebook 15 CB515-1HT/1H,10981,130690,92
Google HP Chromebook x360 11 G1 EE,7109,35545,187
Google Pixel,8097,76893,135
Google Pixel 2,12340,196603,66
Google Pixel 2 XL,12899,192561,52
Google Pixel 3,15153,222562,19
Google Pixel 3 XL,16841,231362,5
Google Pixel C,11356,98514,87
Google Pixel XL,8832,98495,115
HMD Global Nokia 3,2698,40738,649
HMD Global Nokia 3.1,2751,71668,646
HMD Global Nokia 5,3434,72929,545
HMD Global Nokia 6 (Various Models),4000,72686,449
HMD Global Nokia 6.1,5898,115075,248
HMD Global Nokia 6.1 Plus,7552,148471,165
HMD Global Nokia 7 plus,9356,174856,109
HMD Global Nokia 8 (Various Models),13429,201330,42
HMD Global TA-1020,2436,40075,681
HMD Global TA-1027,3679,73777,495
HMD Global TA-1028,2510,39320,673
HMD Global TA-1039,4191,68730,425
Honeywell CT60,6392,108871,222
HTC 10 (Various Models),7640,75037,160
HTC 10 evo,5462,70213,282
HTC 2PZC100,12641,198097,59
HTC 2PZC5,13348,212240,46
HTC HTC6525LVW,3671,97278,497
HTC HTC6535LVW,6146,90828,235
HTC HTC_2Q4D100,13721,193684,40
HTC HTC_U-3u,13284,210448,47
HTC M8,4169,88758,428
HTC Nexus 9,8635,178030,122
HTC One,2673,67937,652
HTC One M8s,3682,80398,494
HTC One M9,6350,90504,225
HTC One M9PLUS,4112,81987,437
HTC One_M8,3754,103331,485
HTC U Ultra,8838,72099,114
HTC U11,13151,205234,49
HTC U11 life,5819,110954,250
HTC U11 plus,13765,197301,39
HTC U12+,16533,230796,6
Huawei AGS-W09,2623,47492,657
Huawei ALP-L09,12067,176678,70
Huawei ANE-LX1,4518,117845,376
Huawei ANE-LX2,4436,120486,385
Huawei ANE-LX2J,4505,120717,377
Huawei ANE-LX3,4404,121108,390
Huawei BAC-AL00,4158,118645,432
Huawei BAH-W09,4159,70033,431
Huawei BKL-L09,11881,175526,77
Huawei BLL-L21,4348,112317,401
Huawei BLL-L22,4318,115075,406
Huawei BLL-L23,4261,107898,415
Huawei BND-AL10,4649,118235,361
Huawei BND-L24,4523,119277,374
Huawei BND-L34,4657,119361,360
Huawei CLT-L09,12370,195638,64
Huawei CLT-L29,11906,193618,75
Huawei CMR-W09,10775,156398,96
Huawei COL-L29,12017,184936,71
Huawei CPN-W09,4159,73377,430
Huawei EML-L09,12015,183249,72
Huawei FIG-LX1,4540,119398,373
Huawei GRA-L09,4204,93129,424
Huawei GRA-UL00,3077,57259,616
Huawei GRACE,4089,90047,440
Huawei H1611,3023,86885,622
Huawei H1711,3687,64868,493
Huawei H60-L04,3510,102047,536
Huawei Honor 5C (Various Models),4417,111998,389
Huawei Honor 6X (Various Models),4298,113440,409
Huawei Honor 7 Lite,4276,115015,413
Huawei Honor 8 (Various Models),7132,181490,185
Huawei Honor 8 Premium (Various Models),6707,162422,207
Huawei Honor 8 Pro,10762,176647,97
Huawei Honor 9,10591,178203,99
Huawei Honor Play,13012,198082,51
Huawei JSN-L21,8677,179410,121
Huawei KIW-L21,3232,72490,596
Huawei KIW-L24,3565,76078,517
Huawei LDN-LX2,3416,71286,552
Huawei LLD-AL10,4270,118185,414
Huawei LLD-L21,4549,116809,372
Huawei LLD-L31,4496,120330,378
Huawei LYO-L21,2996,41767,627
Huawei Mate 10 (Various Models),11899,175646,76
Huawei Mate 10 Pro (Various Models),12121,175971,67
Huawei Mate 20,16936,214106,4
Huawei Mate 20 Pro (Various Models),19985,242718,1
Huawei Mate 8 (Various Models),6951,186985,195
Huawei Mate 9 (Various Models),9938,173159,103
Huawei Mate 9 Pro,10289,185237,102
Huawei MediaPad M3 (Various Models),7552,176599,166
Huawei MYA-L02,3392,49909,559
Huawei MYA-L11,3511,49491,535
Huawei MYA-L41,3600,50191,509
Huawei Nexus 6P,6298,95711,229
Huawei NMO-L31,4305,105874,408
Huawei Nova (Various Models),5308,115714,306
Huawei P10 (Various Models),10397,183571,101
Huawei P10 Plus (Various Models),11761,207199,80
Huawei P20,13818,200811,38
Huawei P8 Lite,4239,111788,420
Huawei P9 (Various Models),6066,173300,238
Huawei P9 Plus (Various Models),6777,170718,204
Huawei PLK-L01,4355,94715,399
Huawei PRA-LA1,4253,112041,417
Huawei PRA-LX2,4295,111271,410
Huawei PRA-LX3,4181,109583,427
Huawei RNE-L01,4466,117078,380
Huawei RNE-L21,4550,118868,371
Huawei RNE-L22,4147,109103,433
Huawei RNE-L23,4623,116216,364
Huawei SHT-W09,12079,177442,69
Huawei SNE-LX1,7834,174883,150
Huawei TRT-LX2,3671,72418,496
Huawei VNS-L21,4354,111552,400
Huawei VNS-L22,4399,109698,391
Huawei VNS-L23,4423,111037,388
Huawei VNS-L31,4224,109114,423
Huawei WAS-LX1,4334,112706,404
Huawei WAS-LX1A,4379,114481,397
Huawei WAS-LX2,4306,110513,407
Huawei WAS-LX2J,4334,110783,403
Huawei WAS-LX3,4295,113221,411
Infinix mobility limited Infinix X604,4398,99679,392
Infinix X603,5205,122738,314
Jiayu Lenovo A7000-a,3166,84284,603
Jiayu S3,3724,78663,489
Lava Z91,2086,47295,709
Lemobile Le X526,5166,120520,319
Lemobile Le X527,5772,122273,255
Lemobile Le X620,5688,148135,266
Lemobile Le X820,7853,76019,149
Lemobile Le X821,7126,97770,186
Lemobile Le X829,7623,105626,162
Lemobile LEX626,5531,151388,278
Lemobile LEX720,8793,81757,118
Lemobile LEX722,8070,68339,136
Lemobile LEX727,9838,83360,104
Lemobile LEX820,9219,115472,110
Lemobile LEX829,7266,81698,179
Lemobile X526,5647,114270,270
Lemobile X527,5789,129048,253
Lenovo A6020a40,2573,56289,665
Lenovo A7010a48,3757,66560,484
Lenovo A7020a48,3554,82435,520
Lenovo K31-t3,2132,37591,704
Lenovo K33a42,3610,72643,507
Lenovo K53a48,3670,71765,498
Lenovo K8 Note,6187,145913,232
Lenovo K8 Plus,4736,115754,358
Lenovo P1a42,3420,73095,551
Lenovo P1ma40,2461,31060,678
Lenovo P2a42,5437,117412,284
Lenovo P70-A,3784,97084,483
Lenovo PB2-650Y,2776,42029,642
Lenovo S1La40,3959,68357,459
Lenovo TAB 2 A10-70F,3607,54800,508
Lenovo TB-7304F,1819,39940,723
Lenovo TB-8504F,2540,46757,672
Lenovo TB-8703F,5478,115411,281
Lenovo TB-8704F,5511,114639,279
Lenovo TB-X103F,1740,36481,725
Lenovo TB-X304F,2598,47268,661
Lenovo TB-X704F,5627,115078,272
Lenovo TB-X704L,5627,112715,273
Lenovo TB3-730X,2174,31210,695
Lenovo TB3-X70F,3408,44363,554
Lenovo Vibe K5 Plus,3593,78849,511
Lenovo YT-X703F,7053,122327,193
Letv Le X509,4392,88913,393
LG D805,3410,65003,553
LG D851,3243,70630,590
LG D852,3242,89872,591
LG D855,3550,77863,522
LG F460L,3475,63459,539
LG F700L,7596,67168,163
LG F800L,7017,78421,194
LG G Flex2,5813,74290,252
LG G Pad 8.3 (V500),2545,72417,671
LG G2 (D802),3330,78899,568
LG G4 (Various Models),4604,78262,368
LG G5 (Various Models),7943,79951,144
LG G6 (Various Models),8443,73772,127
LG G710,16176,233524,9
LG H811,5321,87419,304
LG H818,4386,69302,396
LG H870DS,8050,70587,137
LG H871,7391,53079,174
LG H872,7663,68854,158
LG H931,11390,185502,86
LG H933,11662,174885,83
LG isai (LGL22),3217,61706,599
LG K220,2783,44875,641
LG K430,3034,68559,621
LG K550,3323,76096,570
LG LGL83BL,2547,49411,670
LG LGL84VL,2485,49239,675
LG LGLS755,3319,89184,571
LG LGLS775,2081,42811,710
LG LGLS991,4980,89961,335
LG LGMP260,2141,40119,702
LG LGMP450,3207,72022,601
LG LGMS210,1992,38463,715
LG LGMS550,3116,72925,612
LG LGUS991,4020,72251,446
LG LM-G710,16204,225604,8
LG LM-Q710(FGN),4496,89051,379
LG LM-V350,15326,220664,16
LG LM-V405,15099,206777,21
LG LM-X210(G),2207,38633,691
LG LML413DL,2612,49038,658
LG LS777,3425,73599,550
LG LS998,10968,171366,93
LG M153,1523,31646,728
LG M250,3003,73931,626
LG M320,2788,76012,640
LG M400,2904,76246,633
LG M430,2439,49410,680
LG M700,2931,56343,631
LG Nexus 4,1874,43971,720
LG Nexus 5,2896,72766,635
LG Nexus 5X,4935,71670,338
LG SP200,3271,75857,583
LG SP320,3100,72513,613
LG TP450,3280,68412,579
LG US996,7253,75881,180
LG US998,11704,171522,82
LG V10 (Various Models),5957,78151,245
LG V20 (Various Models),7557,73343,164
LG V30 (Various Models),11535,173630,84
LG V520,4038,79021,443
LG V533,3535,73292,528
LG VS501,2317,48122,684
LG VS988,6874,71865,201
Maze Alpha,4785,122112,351
Meizu 16th,14877,236032,23
Meizu m3 note,5426,66640,290
Meizu M3s,4116,67213,436
Meizu M5s,4392,79849,395
Meizu M6 Note,5251,109281,310
Meizu MX5,4448,81990,382
Meizu PRO 6 Plus,7947,82697,143
Meizu PRO 7 Plus,10921,167220,94
Meizu U10,2945,64842,629
Motorola DROID Turbo,5658,96580,267
Motorola Droid Turbo 2,7358,106457,175
Motorola Moto E,2016,42716,713
Motorola Moto E (4),2639,46745,656
Motorola Moto E (4) Plus,2746,44544,647
Motorola moto e5 play,2583,46833,663
Motorola moto e5 plus,3273,60588,582
Motorola moto e5 supra,3853,73242,478
Motorola Moto G (4),4092,74664,439
Motorola Moto G (5),3535,76136,527
Motorola Moto G (5) Plus,5430,115727,289
Motorola Moto G (5S),3846,73865,479
Motorola Moto G (5S) Plus,5408,114105,292
Motorola Moto G 2014,1474,38796,731
Motorola Moto G Play,2189,39971,693
Motorola moto g(6),5109,99315,326
Motorola moto g(6) play,3300,61427,576
Motorola moto g(6) plus,6054,116667,240
Motorola Moto G4,3543,64089,523
Motorola Moto G4 Plus,3259,63197,584
Motorola Moto MAXX,6722,106727,206
Motorola Moto X (2nd Gen),3794,119186,481
Motorola Moto X Force (XT1580),6634,92339,210
Motorola Moto X Play,3871,81853,476
Motorola Moto X Pure (XT1575),5439,93662,283
Motorola Moto X Style (XT1572),5656,105840,268
Motorola moto x4,5751,114931,260
Motorola Moto Z (2),12869,199157,53
Motorola Moto Z (XT1650),8452,89402,126
Motorola Moto Z Play (Various Models),5402,115624,293
Motorola Moto Z2 Play,5709,121979,263
Motorola moto z3,11827,194984,79
Motorola Moto Z3 Play,8229,154025,133
Motorola MotoE2(4G-LTE),1724,45356,726
Motorola MotoG3,2305,48395,688
Motorola Nexus 6,5613,87795,275
Motorola XT1030,1408,34139,733
Motorola XT1058,2151,46505,700
Motorola XT1080,1504,40804,729
Motorola XT1095,3948,92609,463
Motorola XT1096,3982,92590,454
Motorola XT1562,3432,65153,547
Motorola XT1609,2229,42464,689
Motorola XT1663,4129,88888,435
Motorola XT1685,5624,114378,274
Motorola XT1710-02,5544,123583,277
Newbund Apollo Lite,6065,137035,239
Newbund Mars pro,5204,119737,315
Nextbit Robin,6464,89982,218
Nokia ara,1221,17719,735
Nubia NX523J_V1,5746,102253,261
Nubia NX531J,6204,75080,231
Nubia NX551J,4785,96918,350
Nubia NX591J,5762,82316,258
Nvidia SHIELD Android TV,10720,105269,98
Nvidia SHIELD Tablet,7984,97876,141
Nvidia SHIELD Tablet K1,8235,110215,132
Oneplus 2 (Various Models),5905,94979,247
Oneplus 3 (A3000),8321,88197,129
Oneplus 3T (Various Models),8392,93879,128
Oneplus 5 (A5000),12642,204205,58
Oneplus 5T (A5010),13101,199540,50
Oneplus A6000,15640,241565,12
Oneplus A6003,15519,242009,13
Oneplus A6013,15880,239635,10
Oneplus One (A0001),4083,90542,441
Oneplus X (Various Models),3405,88309,556
Oppo A1601,3597,65485,510
Oppo A37f,2307,41109,687
Oppo CPH1607,5320,121681,305
Oppo CPH1611,7278,144458,178
Oppo CPH1701,3525,73001,533
Oppo CPH1717,3084,74710,614
Oppo CPH1719,8907,192361,113
Oppo CPH1723,4357,104600,398
Oppo CPH1725,4817,114560,348
Oppo CPH1727,4430,108535,386
Oppo CPH1729,4010,114973,448
Oppo CPH1819,7520,152031,169
Oppo CPH1859,7176,156206,182
Oppo RMX1801,7523,151666,168
Oukitel K6,4608,103444,367
Oukitel K6000 Plus,3804,77035,480
Oukitel K6000 Pro,3966,74595,457
Oukitel U20 Plus,3875,47719,472
Panasonic ELUGA Note,3247,54420,588
Panasonic ELUGA Ray,2595,39635,662
Panasonic FZ-N1,2897,51823,634
Pantech IM-100K,3896,72049,468
Planet Gemini 4G,6916,160677,197
Pptv KING 7,3997,78400,450
Razer Phone,15492,205705,14
Razer Phone 2,19262,243370,2
Rim Z30,1265,33900,734
Rockchip H96 max,4642,82908,363
Rockchip P1,6016,98712,242
Rockchip px5,2478,54985,676
Rockchip rk3288,4018,86934,447
Samsung aosp_j5ltexx,2217,41895,690
Samsung Galaxy A9 Pro Duos,7064,128452,191
Samsung Galaxy Note 3 (SM-N900),5127,67473,324
Samsung Galaxy Note 3 (SM-N9005),3563,99540,518
Samsung Galaxy Note 3 ATT (SM-N900A),5728,98534,262
Samsung Galaxy Note 4 (SM-N910C),4824,110596,347
Samsung Galaxy Note 4 (Various Models),4792,85358,349
Samsung Galaxy Note 5 (Various Models),6465,132736,217
Samsung Galaxy Note 5 Duos,6414,132542,221
Samsung Galaxy Note 7 (Various Models),4443,103108,384
Samsung Galaxy Note 8 (Various Models),11833,170989,78
Samsung Galaxy S4 (Various Models),3450,83502,544
Samsung Galaxy S6 (Various Models),6369,130020,223
Samsung Galaxy S6 Edge (Various Models),6897,137899,199
Samsung Galaxy S6 Edge Plus (Various Models),6803,139175,202
Samsung Galaxy S7 (Various Models),7897,109877,147
Samsung Galaxy S7 Active (Various Models),6144,57516,236
Samsung Galaxy S7 Edge (Various Models),7723,117649,154
Samsung Galaxy S7 Edge Duos,7790,102280,152
Samsung Galaxy S8 (Various Models),11078,173167,91
Samsung Galaxy S8 Active (Various Models),11746,181293,81
Samsung Galaxy S8+ (Various Models),11350,183200,88
Samsung Galaxy S9 (Various Models),14051,226035,36
Samsung Galaxy S9+ (Various Models),14290,227261,33
Samsung Galaxy Tab S 10.5 (SM-T800),5431,78398,288
Samsung Galaxy Tab S 8.4 (SM-T700),5327,79579,303
Samsung Galaxy Tab S2 8.0 (SM-T713),7063,125174,192
Samsung Galaxy Tab S2 8.0 (SM-T719),7074,146555,190
Samsung Galaxy Tab S2 9.7 (SM-T813),7083,134508,189
Samsung Galaxy Tab S3 9.7 (SM-T819),6703,124577,208
Samsung Galaxy Tab S3 9.7 (SM-T820),8012,70200,139
Samsung GT-I9195,1433,45233,732
Samsung GT-I9295,2148,65157,701
Samsung Nexus 10,5081,46937,330
Samsung SCV37,11964,183635,74
Samsung SM-A300FU,1962,40444,716
Samsung SM-A310F,3537,53065,525
Samsung SM-A320F,3346,89518,566
Samsung SM-A320FL,3290,86116,577
Samsung SM-A500FU,2166,42157,697
Samsung SM-A500M,1923,39133,719
Samsung SM-A510F,4242,80641,419
Samsung SM-A520F,4777,96780,352
Samsung SM-A520W,4916,99902,340
Samsung SM-A530F,7926,151736,145
Samsung SM-A530W,7519,142478,170
Samsung SM-A600FN,3464,87340,541
Samsung SM-A700FD,3374,57083,562
Samsung SM-A720F,4769,97463,354
Samsung SM-A730F,7953,149457,142
Samsung SM-A920F,9156,170011,111
Samsung SM-C710F,3985,92934,453
Samsung SM-C9000,6474,117716,216
Samsung SM-G390F,2919,49683,632
Samsung SM-G532M,2834,42116,638
Samsung SM-G532MT,3058,46917,619
Samsung SM-G570F,2815,47171,639
Samsung SM-G570M,3020,50127,623
Samsung SM-G570Y,3016,52016,625
Samsung SM-G600FY,1649,36548,727
Samsung SM-G610F,3427,80579,549
Samsung SM-G610M,3311,87620,573
Samsung SM-G610Y,3084,78023,615
Samsung SM-G890A,5764,121671,257
Samsung SM-G892U,12484,193021,60
Samsung SM-G900A,3194,80262,602
Samsung SM-G900F,3275,88011,581
Samsung SM-G900FD,3220,86844,598
Samsung SM-G900FQ,3536,91499,526
Samsung SM-G900I,3329,87133,569
Samsung SM-G900M,3275,86980,580
Samsung SM-G900MD,3742,106885,487
Samsung SM-G900P,3315,81886,572
Samsung SM-G900R4,3531,88771,530
Samsung SM-G900S,3386,76226,561
Samsung SM-G900T,3351,82988,564
Samsung SM-G900V,3285,92300,578
Samsung SM-G900W8,3485,97069,538
Samsung SM-G901F,5435,100266,287
Samsung SM-G903F,4029,81188,444
Samsung SM-G903W,4166,74068,429
Samsung SM-G930VL,8589,68156,124
Samsung SM-G935S,8018,145541,138
Samsung SM-G960F,12790,177004,56
Samsung SM-G960N,9471,152733,107
Samsung SM-G960U1,14150,225021,35
Samsung SM-G960W,14757,221159,27
Samsung SM-G965F,13417,178949,43
Samsung SM-G965N,13192,179186,48
Samsung SM-J320V,1945,39284,717
Samsung SM-J327P,2580,46895,664
Samsung SM-J327V,2342,46608,683
Samsung SM-J330F,2887,47977,636
Samsung SM-J330FN,2857,46501,637
Samsung SM-J500F,1857,39226,721
Samsung SM-J500FN,2026,40222,712
Samsung SM-J500M,2110,40694,707
Samsung SM-J510FN,2124,40158,705
Samsung SM-J510MN,1937,37825,718
Samsung SM-J530F,3234,87468,595
Samsung SM-J600FN,3405,88169,555
Samsung SM-J600G,3254,74819,586
Samsung SM-J700F,3587,74991,514
Samsung SM-J700P,3016,61145,624
Samsung SM-J700T1,3651,80953,503
Samsung SM-J701F,3258,88859,585
Samsung SM-J701M,3303,88135,575
Samsung SM-J710F,3165,89381,604
Samsung SM-J710FN,3926,79905,464
Samsung SM-J710MN,3131,90072,609
Samsung SM-J727P,5214,118092,313
Samsung SM-J727T1,3236,82959,593
Samsung SM-J727U,3068,79501,617
Samsung SM-J727V,5144,118499,320
Samsung SM-J727VPP,4827,110155,346
Samsung SM-J730F,3657,88677,500
Samsung SM-J730G,3590,86236,512
Samsung SM-J730GM,3657,88508,501
Samsung SM-N910A,4922,87740,339
Samsung SM-N910F,4726,81397,359
Samsung SM-N910G,5107,90210,327
Samsung SM-N910T,5028,84558,332
Samsung SM-N910T3,5052,96490,331
Samsung SM-N910V,4881,81427,342
Samsung SM-N935F,8828,128149,116
Samsung SM-N9600,14776,232558,26
Samsung SM-N960F,13370,173375,44
Samsung SM-N960U,14741,226791,28
Samsung SM-N960U1,15093,232053,22
Samsung SM-N960W,14737,236706,29
Samsung SM-P580,3748,88850,486
Samsung SM-S327VL,2467,44308,677
Samsung SM-S367VL,4765,100215,355
Samsung SM-S727VL,2652,46649,655
Samsung SM-S767VL,6609,129809,211
Samsung SM-S903VL,3225,75632,597
Samsung SM-T350,2155,40486,699
Samsung SM-T380,2551,45240,669
Samsung SM-T387V,2556,46730,668
Samsung SM-T395,3403,89445,557
Samsung SM-T550,2191,42348,692
Samsung SM-T555,2123,38026,706
Samsung SM-T560NU,2141,40978,703
Samsung SM-T580,3690,89446,491
Samsung SM-T585,3433,74373,546
Samsung SM-T710,5775,110403,254
Samsung SM-T810,5927,133141,246
Samsung SM-T815,5654,108330,269
Samsung SM-T819Y,6499,117461,213
Samsung SM-T825,7747,68981,153
Samsung SM-T825Y,8592,86834,123
Samsung SM-T830,13606,187141,41
Sharp FS8002,6341,160391,226
Sharp SH-03J,13355,174412,45
Sharp SHV39,12783,189074,57
Sony 702SO,11512,193444,85
Sony D5503,3389,76883,560
Sony D5803,3588,98190,513
Sony D6503,3535,86864,529
Sony D6603,3575,92332,515
Sony D6653,3461,83940,542
Sony E2303,2933,66661,630
Sony E2306,2754,63676,645
Sony E5603,3966,90903,456
Sony E5606,3964,103312,458
Sony E5653,3887,78256,471
Sony E5823,5368,96003,297
Sony E6553,5611,81409,276
Sony E6603,7822,105398,151
Sony E6633,6207,89765,230
Sony E6653,6338,80491,227
Sony E6683,5708,76805,264
Sony E6853,6485,94782,215
Sony E6883,5819,87062,251
Sony F3111,3912,95587,465
Sony F3211,4287,95462,412
Sony F5121,7289,104734,177
Sony F5122,6901,106681,198
Sony F5321,6598,115322,212
Sony F8131,7162,63134,183
Sony F8331,7548,72653,167
Sony G3112,4330,115994,405
Sony G3121,4465,118572,381
Sony G3221,4648,111164,362
Sony G3223,4865,116608,344
Sony G3311,3711,48525,490
Sony G8231,7350,100179,176
Sony G8342,12109,179353,68
Sony H4133,6002,114542,243
Sony H4233,6053,116725,241
Sony H8266,14549,235802,30
Sony H8296,15266,225784,17
Sony H8314,15206,241117,18
Sony H8324,14203,222723,34
Sony H9436,17155,235176,3
Sony SO-02K,11228,192894,90
Sony SO-04H,7132,84357,184
Sony SOL26,2412,75850,682
Sony SOV36,11982,180228,73
Sony Xperia XZ,6877,54924,200
Sony Xperia XZ Premium (Various Models),12367,195816,65
Sony Xperia XZ1,12445,192094,62
Sony Xperia XZ1 Compact,11254,197534,89
Sony Xperia XZ2,15128,228258,20
Sony Xperia XZs,7482,84402,172
Sony Xperia Z1 (Various Models),3516,74373,534
Sony Xperia Z2,3245,81810,589
Sony Xperia Z2 Tablet (Various Models),3556,85326,519
Sony Xperia Z3 Tablet Compact (Various Models),3531,93144,531
Sony Xperia Z4 Tablet (Various Models),8010,91837,140
Tcl 5056I,1775,32031,724
Tcl 5095K,3249,82102,587
Tclcommunications FL02,3629,82365,505
Techain Hi9Air,5635,128402,271
Ulefone Armor_2,5026,122906,333
Ulefone Power 3S,4392,100619,394
Ulefone Power_3,4622,102553,365
Ulefone T1,5013,121575,334
Umi SUPER,4238,90795,421
Umidigi C NOTE 2,3687,75215,492
Umidigi Plus E,4757,120220,356
Umidigi S2,4341,117714,402
Umidigi S2_PRO,5188,122044,316
Umidigi Z,6649,166046,209
Umidigi Z Pro,6328,184124,228
Umidigi Z1,4955,114181,336
Unihertz Jelly-Pro,2606,40405,659
Vernee Apollo_Lite,4943,108060,337
Vernee M5,5385,116630,295
Vernee thor,3616,74571,506
Vernee X,4614,103549,366
Vernee X1,6159,132767,234
Vestel Venus_V3_5580,3968,70233,455
Vivo 1606,2684,48679,650
Vodafone Smart ultra 6,3565,75839,516
Vodafone VFD 710,3871,70298,475
Wiko FEVER,3495,70475,537
Wiko TOMMY,1853,37084,722
Wileyfox Swift,2092,43152,708
Wileyfox Swift 2 Plus,3358,74267,563
Xiaomi MI 4i,3146,73923,607
Xiaomi MI 4W,3059,69592,618
Xiaomi MI 5,7216,77382,181
Xiaomi MI 5C,4564,87190,370
Xiaomi MI 5s,7700,83932,156
Xiaomi MI 5s Plus,8278,98787,130
Xiaomi MI 5X,5371,112095,296
Xiaomi MI 6,12481,197082,61
Xiaomi MI 8,14859,213379,24
Xiaomi MI 8 SE,10865,177341,95
Xiaomi Mi A1,5355,112421,299
Xiaomi Mi A2,9716,145687,105
Xiaomi Mi A2 Lite,5959,112456,244
Xiaomi MI MAX,6489,107106,214
Xiaomi MI MAX 2,5256,104354,309
Xiaomi Mi MIX 2,12812,189907,54
Xiaomi Mi MIX 2S,14387,201758,32
Xiaomi Mi Note 2,7867,63826,148
Xiaomi Mi Note 3,8972,186843,112
Xiaomi MI PAD,6071,101665,237
Xiaomi MI PAD 4,9391,171025,108
Xiaomi Mi-4c,5223,80508,312
Xiaomi MIX,5346,106474,301
Xiaomi MIX 2,7490,151145,171
Xiaomi MIX 3,15741,240593,11
Xiaomi POCO F1,14468,205199,31
Xiaomi POCOPHONE F1,14794,215450,25
Xiaomi Redmi 3,3049,71036,620
Xiaomi Redmi 3S,3330,65326,567
Xiaomi Redmi 4,4868,104808,343
Xiaomi Redmi 4A,2653,49412,654
Xiaomi Redmi 4X,3525,70440,532
Xiaomi Redmi 5,4426,102991,387
Xiaomi Redmi 5 Plus,5435,110171,286
Xiaomi Redmi 5A,2568,47978,666
Xiaomi Redmi 6,3551,98871,521
Xiaomi Redmi Note 2,4133,83888,434
Xiaomi Redmi Note 3,6780,105892,203
Xiaomi Redmi Note 4,5100,117992,328
Xiaomi Redmi Note 4X,5358,146250,298
Xiaomi Redmi Note 5,7630,150295,161
Xiaomi Redmi Note 5 Pro,7660,159227,159
Xiaomi Redmi Note 5A,2677,49589,651
Xiaomi Redmi Note 5A Prime,3662,70012,499
Xiaomi Redmi Note 6 Pro,8697,155358,120
Xiaomi Redmi Pro,6429,155712,220
Xiaomi Redmi S2,4904,112270,341
Yulong REVVLPLUS C3701A,5095,113733,329
Zte Axon 7 (Various Models),8813,85518,117
Zte B2017G,4235,81073,422
Zte Blade V770,4249,79804,418
Zte K88,4060,78893,442
Zte N939Sc,2756,67544,644
Zte N9560,3954,71601,461
Zte Z835,1500,32025,730
Zte Z958,2162,41209,698
Zte Z971,2497,46212,674
Zte Z978,5344,112880,302
Zte Z981,4102,80405,438
Zte Z982,3993,71816,451
Zte Z983,3891,62097,469
Zuk Z2 Plus,8723,79303,119
Zuk Z2121,7450,71498,173
Zuk Z2131,8154,105719,134
Zuk Z2132,7682,79796,157
