name,latency,read_uncached,write,price
A-DATA Technology AD4U240038G17-BHYA 8GB,23,14429,8969,NA
A-DATA Technology AE4S240038G17-BHYA 8GB,25,15639,11953,NA
A-DATA Technology AM1P24HC4R1-BUNS 4GB,28,14789,9455,NA
A-DATA Technology AM2P24HC8T1-BUSS 8GB,23,16079,12014,NA
A-DATA Technology AO1P21FC8T1-BSKS 8GB,27,13499,7929,NA
A-DATA Technology AO1P24HC4R1-BSIS 4GB,27,15352,9066,NA
A-DATA Technology AO1P24HC8T1-BQXS 8GB,28,14664,10398,NA
A-DATA Technology AO1P24HC8T1-BSFS 8GB,28,13956,8974,NA
A-DATA Technology AO2P21FC8R2-BRGS 8GB,22,18076,13322,NA
A-DATA Technology AO2P26KC8T1-BPYS 8GB,23,15111,7805,NA
A-DATA Technology AX4S2800316G18-B 16GB,25,15442,10910,NA
A-DATA Technology DDR4 2133 2OZ 8GB,28,13648,9982,NA
A-DATA Technology DDR4 2400 16GB,23,16602,10996,NA
A-DATA Technology DDR4 2400 2OZ 8GB,24,15912,11498,NA
A-DATA Technology DDR4 2666 2OZ 4GB,23,16919,12432,NA
A-DATA Technology DDR4 2666 8GB,21,17663,11389,NA
A-DATA Technology DDR4 2800 2OZ 4GB,24,16065,12100,NA
A-DATA Technology DDR4 3000 2OZ 8GB,23,17223,13007,NA
A-DATA Technology DDR4 3000 8GB,23,17441,12954,$389.99
A-DATA Technology DDR4 3200 2OZ 4GB,19,20355,15960,NA
A-DATA Technology DDR4 3200 8GB,20,18787,13616,NA
A-DATA Technology DDR4 3300 2OZ 4GB,17,21951,16975,NA
A-DATA Technology DDR4 3333 2OZ 4GB,24,15510,11830,NA
A-DATA Technology DDR4 3600 2OZ 8GB,18,20580,15857,NA
AMD R748G2400U2S 8GB,23,16267,10433,NA
AMD R748G2400U2S-UO 8GB,21,18248,13747,NA
AMD R948G2806U2S 8GB,25,14676,10185,NA
Apacer Technology 76.C102G.D170B 8GB,23,16996,13144,NA
Apacer Technology 76.D105G.D090B 16GB,23,17917,13326,NA
Apacer Technology 76.D305G.D060B 16GB,25,16610,12338,NA
Apacer Technology 76.D305G.D390B 16GB,28,14292,7583,NA
Apacer Technology 78.C1GM3.C7Z0C 8GB,26,14738,9694,NA
Apacer Technology 78.C1GMM.AUF0B 8GB,29,13313,10094,NA
Apacer Technology 78.C1GQB.4032B 8GB,24,17780,13605,NA
Apacer Technology 78.C1GS7.AUW0B 8GB,22,17900,12855,NA
Apacer Technology 78.C1GS7.DFW0C 8GB,22,17302,12557,NA
Apacer Technology 78.C2GFL.C720B 8GB,28,14458,11104,NA
Apacer Technology 78.CAGP7.AZC0B 8GB,23,15930,11901,NA
Apacer Technology 78.CAGPW.40C0B 8GB,21,18380,14298,NA
Apacer Technology 78.D2GFH.4030B 16GB,25,18033,13293,NA
Avant Technology J641GU42J5213N0 8GB,26,14416,9706,NA
Avant Technology J641GU42J7240ND 8GB,24,15636,12292,NA
Avant Technology J642GU42J5213N1 16GB,27,14746,10049,NA
Avant Technology J642GU42J5213N2 16GB,29,14034,8862,NA
Avant Technology J642GU42J5213N4 16GB,29,13774,10659,NA
Avant Technology J642GU42J7240N2 16GB,35,13899,10054,NA
Avant Technology J642GU42J7240N4 16GB,25,16417,12538,NA
Avant Technology J642GU42J9266N2 16GB,26,16250,12084,NA
Avant Technology W641GU42J7240NB 8GB,23,17557,13369,NA
Avant Technology W641GU42J7240NC 8GB,25,14715,9351,NA
Avant Technology W642GU42J5213N8 16GB,30,13128,9074,NA
Avant Technology W642GU42J7240N8 16GB,25,17079,13360,NA
Avexir Technologies Corporation DDR4-2133 CL15 4GB 4GB,26,13198,9126,NA
Avexir Technologies Corporation DDR4-2133 CL15 8GB 8GB,28,14041,10390,NA
Avexir Technologies Corporation DDR4-2400 4GB CL16 4GB,26,15610,11626,NA
Avexir Technologies Corporation DDR4-2400 8GB CL16 8GB,26,14598,11771,NA
Avexir Technologies Corporation DDR4-2400 CL16 16GB 16GB,27,14210,9669,NA
Avexir Technologies Corporation DDR4-2400 CL16 4GB 4GB,24,15919,11760,NA
Avexir Technologies Corporation DDR4-2400 CL16 8GB 8GB,24,15799,11370,NA
Avexir Technologies Corporation DDR4-2666 CL15 4GB 4GB,23,17138,13467,NA
Avexir Technologies Corporation DDR4-2666 CL15 8GB 8GB,22,17403,13002,NA
Avexir Technologies Corporation DDR4-2666 CL17 4GB 4GB,23,17035,12910,NA
Avexir Technologies Corporation DDR4-2666 CL17 8GB 8GB,25,15919,12017,NA
Avexir Technologies Corporation DDR4-2800 CL15 4GB 4GB,22,17700,13655,NA
Avexir Technologies Corporation DDR4-2800 CL15 8GB 8GB,23,16962,12686,NA
Avexir Technologies Corporation DDR4-3000 CL15 4GB 4GB,22,17329,13657,NA
Avexir Technologies Corporation DDR4-3000 CL15 8GB 8GB,23,17574,13359,NA
Avexir Technologies Corporation DDR4-3000 CL16 4GB 4GB,24,16335,12772,NA
Avexir Technologies Corporation DDR4-3000 CL16 8GB 8GB,24,16244,12876,NA
Avexir Technologies Corporation DDR4-3000 CL17 8GB 8GB,23,16302,10829,NA
Avexir Technologies Corporation DDR4-3200 CL16 4GB 4GB,20,18912,14579,NA
Avexir Technologies Corporation DDR4-3200 CL16 8GB 8GB,21,18649,14017,NA
Avexir Technologies Corporation DDR4-3600 CL17 4GB 4GB,24,16990,13465,NA
Corsair CM4B16G1J2400A16K2-O 16GB,22,18750,13541,NA
Corsair CM4B16G4J2400A16K2-O 16GB,22,18189,13561,NA
Corsair CM4B16G7L2666A16K2-O 16GB,22,18411,14799,NA
Corsair CM4B8G1J2400A16K2-O 8GB,21,18216,13277,NA
Corsair CM4B8G1J2400A16K2-ON 8GB,22,16752,12086,NA
Corsair CM4B8G2J2133A15S 8GB,25,15182,11726,NA
Corsair CM4B8G2J2400A14K 8GB,24,16400,11778,NA
Corsair CM4B8G2J2666A15D 8GB,24,16297,12333,NA
Corsair CM4B8G2J3000K15K 8GB,23,16875,12921,NA
Corsair CM4B8G4J2400A16K2-ON 8GB,21,18522,13122,NA
Corsair CM4B8G7L2666A16K2-O 8GB,21,17843,13536,NA
Corsair CM4X16GC3000C15D4 16GB,21,18496,14067,NA
Corsair CM4X16GC3000C15K4 16GB,21,18476,15755,NA
Corsair CM4X16GC3000C16K4D 16GB,28,14258,14186,NA
Corsair CM4X16GE2133C13K8 16GB,23,16978,12705,NA
Corsair CM4X16GE2400C16S4 16GB,24,16050,11728,NA
Corsair CM4X16GE2666C16K8 16GB,27,15633,11968,NA
Corsair CM4X4GD3000C15K4 4GB,21,17985,13559,NA
Corsair CM4X4GF2133C13K4 4GB,24,15353,11217,NA
Corsair CM4X4GF2666C16K4 4GB,26,14254,9913,NA
Corsair CM4X4GF3000C15K4 4GB,22,18135,12805,NA
Corsair CM4X8GC3000C15K4 8GB,21,18994,14518,NA
Corsair CM4X8GD3000C15K4 8GB,20,19555,15037,NA
Corsair CM4X8GD3000C16K4 8GB,20,19187,14811,NA
Corsair CM4X8GD3000C16K4D 8GB,20,19014,14206,NA
Corsair CM4X8GD3200C16K4 8GB,19,19853,15373,NA
Corsair CM4X8GE2400C14K4 8GB,23,17276,13270,NA
Corsair CM4X8GE2400C15K4 8GB,22,15516,8434,NA
Corsair CM4X8GE2400C16K4 8GB,21,16711,10244,NA
Corsair CM4X8GE2666C16K4 8GB,24,16074,11979,NA
Corsair CM4X8GE2666C16K8 8GB,25,15445,11345,NA
Corsair CM4X8GE3000C15K4 8GB,21,19287,14837,NA
Corsair CM4X8GF2133C13K4 8GB,24,15552,10633,NA
Corsair CM4X8GF2400C14K4 8GB,22,17436,12485,NA
Corsair CM4X8GF2400C16K4 8GB,23,17023,12434,NA
Corsair CM4X8GF2400C16S4 8GB,24,16768,12777,NA
Corsair CM4X8GF2666C16K4 8GB,22,17649,13152,NA
Corsair CM4X8GF2666C16K8 8GB,21,17828,12952,NA
Corsair CM4X8GF3000C15K4 8GB,20,20062,14893,NA
Corsair CMD128GX4M8A2400C14 16GB,32,12149,9110,$999.99*
Corsair CMD128GX4M8A2666C15 16GB,26,14144,9904,$949.99*
Corsair CMD128GX4M8B2800C14 16GB,27,14208,10120,$969.99*
Corsair CMD16GX4M2A2400C14 8GB,22,18605,13818,NA
Corsair CMD16GX4M2A2666C15 8GB,24,16189,11765,$139.99
Corsair CMD16GX4M2B2400C10 8GB,22,17455,12154,$429.81
Corsair CMD16GX4M2B3000C15 8GB,21,18137,13668,$144.99
Corsair CMD16GX4M2B3200C14 8GB,20,19834,16368,$219.99*
Corsair CMD16GX4M2B3200C16 8GB,22,17944,13575,$159.99
Corsair CMD16GX4M2B3466C16 8GB,18,20715,16154,$496.75*
Corsair CMD16GX4M2B3600C18 8GB,19,20751,15921,$359.99
Corsair CMD16GX4M2B3733C17 8GB,24,17291,12295,$539.86
Corsair CMD16GX4M2B3866C18 8GB,19,20369,14931,$269.99
Corsair CMD16GX4M2C3333C16 8GB,19,19692,14718,$169.99*
Corsair CMD16GX4M2E4000C19 8GB,19,19691,15552,$469.99
Corsair CMD16GX4M4A2666C15 4GB,27,13916,11073,$320.13
Corsair CMD16GX4M4A2666C16 4GB,27,13999,11145,$358.99
Corsair CMD16GX4M4A2800C16 4GB,26,14200,11254,$253.19*
Corsair CMD16GX4M4B2133C10 4GB,24,16076,11655,$204.67*
Corsair CMD16GX4M4B2400C10 4GB,23,14821,10383,$145.99*
Corsair CMD16GX4M4B3000C14 4GB,25,15815,13069,$452.44*
Corsair CMD16GX4M4B3000C15 4GB,24,15417,12103,$469.99
Corsair CMD16GX4M4B3200C14 4GB,28,13046,9194,$199.99*
Corsair CMD16GX4M4B3200C15 4GB,22,17744,14063,$297.49*
Corsair CMD16GX4M4B3200C16 4GB,25,14616,11682,$199.99*
Corsair CMD16GX4M4B3200C16-R 4GB,23,16400,12095,NA
Corsair CMD16GX4M4B3300C16 4GB,22,16877,13394,$270.78*
Corsair CMD16GX4M4B3333C16 4GB,18,19410,15887,NA
Corsair CMD16GX4M4B3400C16 4GB,22,17162,13160,$249.99*
Corsair CMD16GX4M4B3600C18 4GB,24,15893,12980,$279.99*
Corsair CMD16GX4M4C3200C15 4GB,25,14275,11971,$194.99*
Corsair CMD16GX4M4C3200C16 4GB,21,19273,14954,$518.69
Corsair CMD32GX4M2A2666C15 16GB,23,17542,12011,$442.04
Corsair CMD32GX4M2A2800C16 16GB,26,15692,10697,$229.99*
Corsair CMD32GX4M2B2800C14 16GB,23,17338,12652,$259.99*
Corsair CMD32GX4M2B3000C15 16GB,23,17275,12766,$279.99
Corsair CMD32GX4M2B3466C16 16GB,21,19668,13051,$699.99
Corsair CMD32GX4M2C3200C14M 16GB,18,21146,16778,NA
Corsair CMD32GX4M2C3200C14T 16GB,20,18355,13933,NA
Corsair CMD32GX4M2C3200C16 16GB,22,18224,13801,$299.99
Corsair CMD32GX4M2C3466C16W 16GB,21,19558,15335,NA
Corsair CMD32GX4M4A2400C12 8GB,22,17696,13102,$259.99*
Corsair CMD32GX4M4A2400C14 8GB,27,14060,10970,$917.99
Corsair CMD32GX4M4A2666C15 8GB,26,14581,11694,$549.48
Corsair CMD32GX4M4A2666C16 8GB,28,14009,11441,$329.14*
Corsair CMD32GX4M4A2800C16 8GB,27,14314,11552,$439.95*
Corsair CMD32GX4M4B2400C10 8GB,24,15512,11333,$639.99
Corsair CMD32GX4M4B3000C15 8GB,27,14929,11965,$249.99*
Corsair CMD32GX4M4B3200C16 8GB,23,16751,12797,$379.99*
Corsair CMD32GX4M4B3333C16 8GB,24,16463,12433,$799.99
Corsair CMD32GX4M4B3600C16 8GB,20,18729,14728,$931.75
Corsair CMD32GX4M4B3733C17 8GB,21,19362,14863,NA
Corsair CMD32GX4M4C3000C15 8GB,25,15124,11713,$699.99
Corsair CMD32GX4M4C3200C14C 8GB,25,15425,11323,NA
Corsair CMD32GX4M4C3200C14M 8GB,21,16368,12037,NA
Corsair CMD32GX4M4C3200C14T 8GB,19,18356,13494,NA
Corsair CMD32GX4M4C3200C16 8GB,22,17968,15270,$499.99
Corsair CMD32GX4M4C3200C16-R 8GB,24,16757,13414,$369.99*
Corsair CMD32GX4M4E4000C19 8GB,23,16128,13050,NA
Corsair CMD64GX4M4A2400C14 16GB,26,15294,11160,$489.99*
Corsair CMD64GX4M4A2666C15 16GB,25,15244,11759,$499.99*
Corsair CMD64GX4M4B2800C14 16GB,26,15046,11765,$479.99*
Corsair CMD64GX4M4B3000C15 16GB,24,16637,12620,$459.99*
Corsair CMD64GX4M4B3333C16 16GB,27,14169,10488,$699.99*
Corsair CMD64GX4M4B3466C16 16GB,24,16516,12198,$849.99*
Corsair CMD64GX4M4C3000C15 16GB,24,17433,13200,$529.99*
Corsair CMD64GX4M4C3200C16 16GB,26,15601,12841,$889.99
Corsair CMD64GX4M8A2400C14 8GB,28,12768,10579,$499.99*
Corsair CMD64GX4M8A2666C15 8GB,28,13177,10829,$659.99*
Corsair CMD64GX4M8A2800C16 8GB,29,12806,10550,NA
Corsair CMD64GX4M8B2800C14 8GB,26,14448,10990,$699.89*
Corsair CMD64GX4M8B3200C16 8GB,26,14770,11002,$699.99*
Corsair CMD8GX4M2B3000C15 4GB,21,18162,13878,$187.14
Corsair CMD8GX4M2B3200C16 4GB,21,18973,14884,$221.60
Corsair CMD8GX4M2B3466C18 4GB,19,19576,16064,NA
Corsair CMD8GX4M2B3600C18 4GB,22,17863,13566,$389.62
Corsair CMD8GX4M2B3866C18 4GB,18,21217,17681,$149.99*
Corsair CMK128GX4M8A2133C13 16GB,27,14752,10608,$999.99*
Corsair CMK128GX4M8A2400C14 16GB,30,12283,10872,NA
Corsair CMK128GX4M8A2666C16 16GB,32,11409,11920,$999.99*
Corsair CMK128GX4M8B3000C16 16GB,28,13312,10445,$764.99*
Corsair CMK128GX4M8B3200C16 16GB,27,14331,9905,$949.99*
Corsair CMK16GX4M1A2400C14 16GB,24,14741,8380,$109.99
Corsair CMK16GX4M1A2400C16 16GB,23,16800,11084,$101.99
Corsair CMK16GX4M1A2666C16 16GB,23,16383,10404,$109.99
Corsair CMK16GX4M1B3000C15 16GB,22,16657,10592,$119.99
Corsair CMK16GX4M1D3000C16 16GB,23,16849,10679,$113.99
Corsair CMK16GX4M2A2133C13 8GB,24,16023,11621,$96.99
Corsair CMK16GX4M2A2400C14 8GB,24,16466,12057,$109.99
Corsair CMK16GX4M2A2400C16 8GB,24,16486,11855,$106.99
Corsair CMK16GX4M2A2666C16 8GB,23,16984,12584,$99.99
Corsair CMK16GX4M2A2800C16 8GB,23,17454,12852,$122.99*
Corsair CMK16GX4M2B2800C14 8GB,22,18150,13321,$126.99*
Corsair CMK16GX4M2B3000C15 8GB,21,18071,13460,$124.99
Corsair CMK16GX4M2B3200C14 8GB,22,18439,14233,$174.99*
Corsair CMK16GX4M2B3200C16 8GB,21,18296,13919,$124.99
Corsair CMK16GX4M2B3333C16 8GB,20,19577,15797,$510.03
Corsair CMK16GX4M2B3466C16 8GB,20,18553,13243,$189.99*
Corsair CMK16GX4M2B3600C18 8GB,20,19060,14678,$292.45
Corsair CMK16GX4M2B3733C17 8GB,19,17848,13154,$199.99*
Corsair CMK16GX4M2B4266C19 8GB,23,17366,12446,NA
Corsair CMK16GX4M2C3000C15 8GB,20,18280,13681,NA
Corsair CMK16GX4M2C3000C16 8GB,21,17669,12770,$287.61
Corsair CMK16GX4M2C3333C16 8GB,17,21624,17740,NA
Corsair CMK16GX4M2D2400C14 8GB,23,17622,12942,NA
Corsair CMK16GX4M2D3000C16 8GB,21,18250,13696,$112.99
Corsair CMK16GX4M2D3200C16 8GB,21,18034,13637,$157.56
Corsair CMK16GX4M2E4000C19 8GB,20,19418,14625,$521.98
Corsair CMK16GX4M2E4333C19 8GB,25,16514,12337,NA
Corsair CMK16GX4M2F4500C19 8GB,17,21407,16495,$895.77
Corsair CMK16GX4M2K4266C19 8GB,16,20781,18087,NA
Corsair CMK16GX4M2L3000C15 8GB,20,19113,14115,$342.50
Corsair CMK16GX4M2Z2400C16 8GB,23,16685,12448,NA
Corsair CMK16GX4M2Z2666C16 8GB,22,17629,13181,$117.99
Corsair CMK16GX4M2Z3200C16 8GB,18,21253,16099,NA
Corsair CMK16GX4M2Z3600C18 8GB,20,19306,15522,NA
Corsair CMK16GX4M4A2133C13 4GB,27,13848,10662,$116.99
Corsair CMK16GX4M4A2133C15 4GB,28,13265,10325,$132.99*
Corsair CMK16GX4M4A2400C14 4GB,26,13926,10805,$252.02*
Corsair CMK16GX4M4A2400C16 4GB,27,14447,10681,$216.94
Corsair CMK16GX4M4A2666C15 4GB,26,13802,11072,$176.04*
Corsair CMK16GX4M4A2666C16 4GB,27,13674,10855,$168.99
Corsair CMK16GX4M4A2800C16 4GB,27,13823,10994,$204.99*
Corsair CMK16GX4M4B3000C15 4GB,24,15898,12425,$359.99
Corsair CMK16GX4M4B3200C15 4GB,23,17038,13068,$169.99*
Corsair CMK16GX4M4B3200C16 4GB,26,15297,11984,$119.99*
Corsair CMK16GX4M4B3300C16 4GB,23,17316,13255,$159.99*
Corsair CMK16GX4M4B3333C16 4GB,24,16831,12126,NA
Corsair CMK16GX4M4B3400C16 4GB,22,18126,14782,$199.99*
Corsair CMK16GX4M4B3600C18 4GB,26,15967,12173,$159.99*
Corsair CMK16GX4M4B3733C17 4GB,19,20459,16538,$209.99*
Corsair CMK16GX4M4B3866C18 4GB,22,18670,14379,NA
Corsair CMK16GX4M4C3200C15 4GB,24,15394,11744,$104.99*
Corsair CMK16GX4M4C3200C16 4GB,22,17554,13624,$440.99
Corsair CMK32GX4M2A2133C13 16GB,24,16156,11531,$294.54
Corsair CMK32GX4M2A2400C14 16GB,25,16289,11920,$215.99
Corsair CMK32GX4M2A2400C16 16GB,26,15793,11591,$199.99
Corsair CMK32GX4M2A2666C16 16GB,24,16651,12336,$189.99
Corsair CMK32GX4M2A2800C16 16GB,25,16245,11892,$289.29*
Corsair CMK32GX4M2B3000C15 16GB,22,17934,13486,$286.32
Corsair CMK32GX4M2B3200C16 16GB,22,17846,13361,$277.44
Corsair CMK32GX4M2B3333C16 16GB,19,20705,16601,$349.99*
Corsair CMK32GX4M2C3000C16 16GB,20,19151,15184,NA
Corsair CMK32GX4M2D3000C16 16GB,22,18191,13775,$325.40
Corsair CMK32GX4M2D3200C16 16GB,21,19465,13980,$239.99*
Corsair CMK32GX4M2F4000C19 16GB,21,18816,14714,$656.99
Corsair CMK32GX4M2L3000C15 16GB,21,18848,14524,$744.67
Corsair CMK32GX4M2L3200C16 16GB,22,18548,15121,$249.99
Corsair CMK32GX4M4A2133C13 8GB,27,14145,11034,$194.99
Corsair CMK32GX4M4A2133C15 8GB,27,14552,10993,$241.99*
Corsair CMK32GX4M4A2400C12 8GB,26,14653,10779,$189.99*
Corsair CMK32GX4M4A2400C14 8GB,27,14392,11285,$399.99
Corsair CMK32GX4M4A2400C16 8GB,26,14855,11295,$272.76*
Corsair CMK32GX4M4A2666C15 8GB,26,14428,11380,$152.99*
Corsair CMK32GX4M4A2666C16 8GB,27,14380,11271,$214.99
Corsair CMK32GX4M4A2800C16 8GB,27,14330,11526,$249.99*
Corsair CMK32GX4M4B2800C14 8GB,26,14477,11135,$224.99*
Corsair CMK32GX4M4B3000C15 8GB,26,15033,11955,$194.99*
Corsair CMK32GX4M4B3200C14 8GB,20,19049,14509,$284.99*
Corsair CMK32GX4M4B3200C16 8GB,23,16767,12506,$245.99
Corsair CMK32GX4M4B3333C16 8GB,25,14892,11172,$349.99*
Corsair CMK32GX4M4B3466C16 8GB,21,17343,13444,$389.99*
Corsair CMK32GX4M4B3600C16 8GB,24,16093,12583,NA
Corsair CMK32GX4M4B3600C18 8GB,22,17895,13653,$399.99
Corsair CMK32GX4M4B3733C17 8GB,20,19840,14632,$799.99
Corsair CMK32GX4M4B3866C18 8GB,20,19886,15210,$910.08
Corsair CMK32GX4M4B4000C19 8GB,20,19334,15769,NA
Corsair CMK32GX4M4C3000C15 8GB,25,15322,12208,$237.99
Corsair CMK32GX4M4C3400C16 8GB,24,16887,13415,$319.99*
Corsair CMK32GX4M4D3200C16 8GB,25,15731,12145,NA
Corsair CMK32GX4M4E4133C19 8GB,22,19086,14733,$499.99*
Corsair CMK32GX4M4K4133C19 8GB,21,18899,14928,$529.99*
Corsair CMK32GX4M4K4266C19 8GB,17,21574,18129,NA
Corsair CMK4GX4M1A2400C14 4GB,22,16517,11619,$31.99
Corsair CMK4GX4M1A2400C16 4GB,24,15296,10947,$31.99
Corsair CMK64GX4M4A2133C13 16GB,26,16054,12301,$389.99*
Corsair CMK64GX4M4A2400C14 16GB,27,14814,10823,$449.99*
Corsair CMK64GX4M4A2400C16 16GB,29,13950,9975,$454.99*
Corsair CMK64GX4M4A2666C16 16GB,25,16302,13075,$429.99
Corsair CMK64GX4M4B2800C14 16GB,27,14958,11353,$464.99*
Corsair CMK64GX4M4B3000C15 16GB,27,14386,11715,$359.99*
Corsair CMK64GX4M4B3200C16 16GB,27,15386,11966,$499.99
Corsair CMK64GX4M4B3333C16 16GB,25,15862,11777,$759.99*
Corsair CMK64GX4M4B3466C16 16GB,21,18790,14753,$829.99*
Corsair CMK64GX4M4B3600C18 16GB,21,19504,15785,NA
Corsair CMK64GX4M4C3000C16 16GB,22,18516,13804,NA
Corsair CMK64GX4M8A2133C13 8GB,28,13100,10545,$389.99
Corsair CMK64GX4M8A2400C14 8GB,29,13426,10671,$499.95*
Corsair CMK64GX4M8A2666C16 8GB,28,13175,10148,$519.99*
Corsair CMK64GX4M8B2800C14 8GB,26,14609,11606,$379.99*
Corsair CMK64GX4M8X3600C18 8GB,19,19931,16476,$849.99
Corsair CMK8GX4M1A2400C14 8GB,24,14797,9310,$56.99
Corsair CMK8GX4M1A2400C16 8GB,24,14850,9160,$54.99
Corsair CMK8GX4M1A2666C16 8GB,23,15728,9741,$57.99
Corsair CMK8GX4M1D2400C14 8GB,24,15108,8362,NA
Corsair CMK8GX4M1D3000C16 8GB,22,16758,10217,$59.99
Corsair CMK8GX4M2A2133C13 4GB,24,15754,11206,$59.99
Corsair CMK8GX4M2A2400C14 4GB,23,16317,11806,$73.27
Corsair CMK8GX4M2A2400C16 4GB,23,16677,12196,$59.99
Corsair CMK8GX4M2A2666C16 4GB,22,17158,12677,$63.99
Corsair CMK8GX4M2A2800C16 4GB,22,17365,13120,$68.99*
Corsair CMK8GX4M2B3000C15 4GB,21,18097,13653,$172.42
Corsair CMK8GX4M2B3200C16 4GB,21,17802,13749,$308.94
Corsair CMK8GX4M2B3600C18 4GB,19,19877,15289,$303.66*
Corsair CMK8GX4M2B3733C17 4GB,20,20068,15184,$296.93
Corsair CMK8GX4M2B3866C18 4GB,31,15659,12530,$107.99*
Corsair CMK8GX4M2B4000C19 4GB,21,18219,13103,$140.34*
Corsair CMK8GX4M2B4133C19 4GB,21,18089,13216,NA
Corsair CMK8GX4M2C3000C16 4GB,20,18349,14282,$78.68
Corsair CMK8GX4M2D2666C16 4GB,23,17329,12867,$119.99
Corsair CMR16GX4M2A2666C16 8GB,23,17075,12271,$145.96
Corsair CMR16GX4M2C3000C15 8GB,21,18345,13579,$144.09
Corsair CMR16GX4M2C3000C16 8GB,21,17956,13175,$199.99
Corsair CMR16GX4M2C3200C16 8GB,21,18761,13958,$139.99
Corsair CMR16GX4M2C3466C16 8GB,20,19358,14354,$363.33
Corsair CMR16GX4M2C3600C18 8GB,20,19577,14832,$326.99
Corsair CMR16GX4M2D3000C16 8GB,21,18520,13516,$133.99
Corsair CMR16GX4M2D3200C16 8GB,20,19195,14197,$238.99
Corsair CMR16GX4M2E4266C19 8GB,20,18691,13400,NA
Corsair CMR16GX4M2F4000C19 8GB,19,19477,14663,NA
Corsair CMR16GX4M2Z3200C16 8GB,24,17608,13481,$167.88
Corsair CMR32GX4M2A2666C16 16GB,22,15119,11376,NA
Corsair CMR32GX4M2C3000C15 16GB,20,19348,14520,$399.99
Corsair CMR32GX4M2C3000C16 16GB,20,20181,15800,NA
Corsair CMR32GX4M2C3200C16 16GB,20,19241,13972,$526.31
Corsair CMR32GX4M2C3333C16 16GB,22,18572,14170,$662.94
Corsair CMR32GX4M2F3600C18 16GB,26,16086,13654,NA
Corsair CMR32GX4M4A2666C16 8GB,25,16537,13596,$538.38
Corsair CMR32GX4M4C3000C15 8GB,23,17431,13557,$568.65
Corsair CMR32GX4M4C3000C16 8GB,20,19190,15416,$764.39*
Corsair CMR32GX4M4C3200C16 8GB,23,17139,14017,$274.99
Corsair CMR32GX4M4C3333C16 8GB,21,18573,14873,$629.99
Corsair CMR32GX4M4C3466C16 8GB,23,17405,14355,$523.22
Corsair CMR32GX4M4C3600C18 8GB,22,18097,14192,$870.84
Corsair CMR32GX4M4D3000C16 8GB,24,16686,15657,NA
Corsair CMR32GX4M4D3200C16 8GB,25,16074,13329,NA
Corsair CMR64GX4M4C3000C15 16GB,23,18812,14217,$836.95
Corsair CMR64GX4M4C3200C16 16GB,25,15794,13654,$499.99*
Corsair CMR64GX4M4K3600C18 16GB,29,14505,11891,NA
Corsair CMSO16GX4M1A2133C15 16GB,28,13560,8998,$98.99
Corsair CMSO16GX4M2A2133C15 8GB,27,15252,12088,$99.99
Corsair CMSO32GX4M2A2133C15 16GB,32,13460,11041,$420.63
Corsair CMSO4GX4M1A2133C15 4GB,28,12189,8335,$27.99
Corsair CMSO8GX4M1A2133C15 8GB,28,13674,10122,$51.99
Corsair CMSX16GX4M2A2400C16 8GB,25,15560,11855,$104.99
Corsair CMSX16GX4M2A2666C18 8GB,28,15217,11744,$253.22
Corsair CMSX16GX4M2A3000C16 8GB,23,16504,12376,$189.99
Corsair CMSX32GX4M2A2400C16 16GB,26,15973,11548,$209.99
Corsair CMSX32GX4M2A2666C18 16GB,26,16345,12890,$227.99
Corsair CMSX32GX4M2A3000C16 16GB,26,16317,12893,$359.99
Corsair CMSX64GX4M4A2400C16 16GB,26,15863,12403,$389.99
Corsair CMSX64GX4M4A2666C18 16GB,22,18181,14068,$559.99*
Corsair CMSX8GX4M2A2400C16 4GB,25,15137,10693,$61.99
Corsair CMU16GX4M2A2400C16 8GB,22,17093,12067,NA
Corsair CMU16GX4M2A2666C16 8GB,23,17165,12469,$109.99
Corsair CMU16GX4M2C3000C15 8GB,21,18448,13715,$129.99
Corsair CMU16GX4M2C3200C16 8GB,21,18564,13817,$139.99
Corsair CMU16GX4M2D3000C16 8GB,20,19566,14382,$130.99
Corsair CMU16GX4M2D3200C16 8GB,22,17619,12975,NA
Corsair CMU32GX4M2A2400C14 16GB,24,16523,12084,NA
Corsair CMU32GX4M2A2666C16 16GB,24,16904,12822,$224.99
Corsair CMU32GX4M2C3000C15 16GB,22,17677,12966,$249.99
Corsair CMU32GX4M2C3200C16 16GB,22,17792,13046,$499.99
Corsair CMU32GX4M4A2666C16 8GB,24,17088,12773,$399.99
Corsair CMU32GX4M4C3000C15 8GB,24,16137,11768,$469.99
Corsair CMU32GX4M4C3200C16 8GB,22,17382,12937,$479.99
Corsair CMU32GX4M4C3400C16 8GB,22,18063,13633,$329.99*
Corsair CMU32GX4M4C3466C16 8GB,22,17831,13875,$349.99*
Corsair CMU64GX4M4A2666C16 16GB,24,17323,13237,$439.99
Corsair CMU64GX4M4C3000C15 16GB,27,14699,11139,$699.99
Corsair CMU64GX4M4C3200C16 16GB,25,16143,11866,$899.99
Corsair CMV16GX4M1A2133C15 16GB,26,13776,8233,$91.99
Corsair CMV16GX4M1A2400C16 16GB,22,18667,14225,NA
Corsair CMV4GX4M1A2133C15 4GB,26,14723,9080,$27.99
Corsair CMV8GX4M1A2133C15 8GB,25,13981,8616,$50.99
Corsair CMV8GX4M1A2400C16 8GB,24,13952,8012,NA
Corsair CMV8GX4M1A2666C18 8GB,25,15975,8343,$58.94
Corsair CMW16GX4M2A2666C16 8GB,21,17783,12605,$124.99
Corsair CMW16GX4M2C3000C15 8GB,21,18611,13692,$199.99
Corsair CMW16GX4M2C3200C16 8GB,19,19598,14990,$149.99
Corsair CMW16GX4M2C3600C18 8GB,20,19236,14181,$212.99
Corsair CMW16GX4M2D3000C16 8GB,21,18498,14740,$134.99
Corsair CMW16GX4M2K4000C19 8GB,19,19944,15893,NA
Corsair CMW32GX4M2A2666C16 16GB,23,17136,13163,$235.99
Corsair CMW32GX4M2C3000C15 16GB,21,18755,14456,$254.99
Corsair CMW32GX4M2C3200C16 16GB,20,19602,15024,$269.99
Corsair CMW32GX4M4A2666C16 8GB,24,17641,13216,$247.99
Corsair CMW32GX4M4C3000C15 8GB,22,18376,14266,$274.99
Corsair CMW32GX4M4C3200C14 8GB,18,21028,16436,$449.99
Corsair CMW32GX4M4C3200C16 8GB,22,17897,14405,$289.99
Corsair CMW32GX4M4C3466C16 8GB,20,19098,14571,$399.99*
Corsair CMW32GX4M4C3600C18 8GB,21,18815,15443,$409.99
Corsair CMW64GX4M4C3200C16 16GB,19,20335,16004,$509.99
Corsair CMW64GX4M8Z2933C16 8GB,35,10037,12447,$559.99*
Crucial Technology BLE16G4D30AEEA.K16FB 16GB,20,18925,12647,NA
Crucial Technology BLE16G4D32AEEA.K16FB 16GB,22,17838,12971,NA
Crucial Technology BLE4G4D26AFEA.8FAD 4GB,24,15407,12167,$94.13*
Crucial Technology BLE4G4D26AFEA.8FADG 4GB,24,15595,11509,NA
Crucial Technology BLE4G4D26AFEA.8FBD 4GB,23,17765,13972,NA
Crucial Technology BLE4G4D30AEEA.K8FE 4GB,20,18905,14588,NA
Crucial Technology BLE4G4D32AEEA.K8FE 4GB,22,17124,12258,$144.21*
Crucial Technology BLE8G4D26AFEA.16FAD 8GB,24,16082,12180,$129.74*
Crucial Technology BLE8G4D26AFEA.16FBD 8GB,22,18055,13835,NA
Crucial Technology BLE8G4D30AEEA.K16FE 8GB,21,18430,13989,$49.99*
Crucial Technology BLE8G4D32BEEAK.K8FB 8GB,21,17920,12444,NA
Crucial Technology BLE8G4D34AEEAK.K8FB 8GB,21,18692,14637,NA
Crucial Technology BLS16G4D240FSB.16FAD 16GB,24,16432,11599,NA
Crucial Technology BLS16G4D240FSB.16FBD 16GB,24,15753,9797,NA
Crucial Technology BLS16G4D240FSB.16FBR 16GB,25,16244,11818,NA
Crucial Technology BLS16G4D240FSC.16FAD 16GB,24,16470,11890,$99.99*
Crucial Technology BLS16G4D240FSC.16FBD 16GB,24,16586,11492,NA
Crucial Technology BLS16G4D240FSC.16FBR 16GB,26,15897,11677,NA
Crucial Technology BLS16G4D240FSE.16FAD 16GB,25,15438,11040,$132.59
Crucial Technology BLS16G4D240FSE.16FBD 16GB,25,15807,10458,NA
Crucial Technology BLS16G4D240FSE.16FBR 16GB,25,15130,10572,NA
Crucial Technology BLS16G4D26BFSB.16FBD 16GB,22,18028,12335,$112.22*
Crucial Technology BLS16G4D26BFSB.16FBR 16GB,23,17156,11590,NA
Crucial Technology BLS16G4D26BFSB.16FD 16GB,21,17161,8745,NA
Crucial Technology BLS16G4D26BFSC.16FBD 16GB,26,14975,12935,NA
Crucial Technology BLS16G4D26BFSE.16FBD 16GB,24,17195,12674,$248.72*
Crucial Technology BLS16G4D26BFSE.16FD 16GB,24,17655,14971,NA
Crucial Technology BLS16G4D26BFSE.16FE 16GB,22,17462,14059,NA
Crucial Technology BLS16G4D30BESB.16FD 16GB,21,17676,10674,NA
Crucial Technology BLS16G4D30CEST.16FD 16GB,22,16862,10380,NA
Crucial Technology BLS16G4S240FSD.16FAD 16GB,29,13662,10947,$99.99*
Crucial Technology BLS16G4S240FSD.16FBD 16GB,27,14759,11038,NA
Crucial Technology BLS16G4S240FSD.16FBR 16GB,32,14187,10806,NA
Crucial Technology BLS16G4S26BFSD.16FBD 16GB,27,15094,11508,$189.50
Crucial Technology BLS16G4S26BFSD.16FD 16GB,26,16526,12952,NA
Crucial Technology BLS4G4D240FSA.8FAD 4GB,28,12825,10225,$27.99*
Crucial Technology BLS4G4D240FSA.8FADG 4GB,24,15671,11306,NA
Crucial Technology BLS4G4D240FSA.8FAR 4GB,24,15818,11572,NA
Crucial Technology BLS4G4D240FSA.8FARG 4GB,24,15438,11468,NA
Crucial Technology BLS4G4D240FSA.8FBD 4GB,23,16625,12363,NA
Crucial Technology BLS4G4D240FSA.M8FADG 4GB,23,16647,12399,NA
Crucial Technology BLS4G4D240FSA.M8FADM 4GB,28,12831,10164,$68.99*
Crucial Technology BLS4G4D240FSB.8FADG 4GB,27,14359,10680,$29.99*
Crucial Technology BLS4G4D240FSB.8FAR 4GB,23,15930,12636,NA
Crucial Technology BLS4G4D240FSB.8FARG 4GB,24,15552,11533,NA
Crucial Technology BLS4G4D240FSB.8FBD 4GB,23,16382,12082,NA
Crucial Technology BLS4G4D240FSB.8FBD2 4GB,23,16107,11767,NA
Crucial Technology BLS4G4D240FSB.M8FADG 4GB,23,16891,12549,NA
Crucial Technology BLS4G4D240FSB.M8FBD 4GB,21,17689,13121,NA
Crucial Technology BLS4G4D240FSC.8FARG 4GB,23,17447,12981,$26.99*
Crucial Technology BLS4G4D240FSC.8FBD 4GB,22,17229,12589,NA
Crucial Technology BLS4G4D240FSC.8FBD2 4GB,23,17014,12780,NA
Crucial Technology BLS4G4D240FSC.M8FADG 4GB,25,15091,11247,NA
Crucial Technology BLS4G4D240FSE.8FAR 4GB,24,15065,10847,$25.99*
Crucial Technology BLS4G4D240FSE.8FBD 4GB,23,16217,11579,$18.99*
Crucial Technology BLS4G4D240FSE.8FBD2 4GB,22,16970,12681,NA
Crucial Technology BLS4G4D240FSE.M8FADM 4GB,24,15629,10963,NA
Crucial Technology BLS4G4D26BFSB.8FBD2 4GB,23,15762,12114,$36.97*
Crucial Technology BLS4G4D26BFSB.8FBR2 4GB,21,17739,13586,$115.37*
Crucial Technology BLS4G4D26BFSC.8FBD2 4GB,21,17880,13663,NA
Crucial Technology BLS4G4D26BFSE.8FBD2 4GB,22,17118,12653,NA
Crucial Technology BLS4G4D26BFSE.8FE 4GB,19,20373,14760,NA
Crucial Technology BLS4G4S240FSD.8FAR 4GB,28,15506,11397,$55.86
Crucial Technology BLS4G4S240FSD.M8FADM 4GB,25,15358,12456,$19.99*
Crucial Technology BLS8G4D240FSA.16FAD 8GB,29,12619,9818,$134.99*
Crucial Technology BLS8G4D240FSA.16FADG 8GB,25,15499,11224,NA
Crucial Technology BLS8G4D240FSA.16FAR 8GB,28,12710,9694,NA
Crucial Technology BLS8G4D240FSA.16FARG 8GB,25,15649,11637,NA
Crucial Technology BLS8G4D240FSA.16FBD 8GB,28,17366,12984,NA
Crucial Technology BLS8G4D240FSA.M16FAD 8GB,28,13325,10446,$134.99*
Crucial Technology BLS8G4D240FSB.16FADG 8GB,26,15320,11554,$125.28*
Crucial Technology BLS8G4D240FSB.16FAR 8GB,31,11232,8983,NA
Crucial Technology BLS8G4D240FSB.16FARG 8GB,24,15823,11354,NA
Crucial Technology BLS8G4D240FSB.16FBD 8GB,23,16786,12098,NA
Crucial Technology BLS8G4D240FSB.16FBD2 8GB,24,16393,11482,NA
Crucial Technology BLS8G4D240FSB.16FBD? 8GB,23,17211,13491,NA
Crucial Technology BLS8G4D240FSB.16FBR2 8GB,25,15907,11062,NA
Crucial Technology BLS8G4D240FSB.M16FAD 8GB,25,14527,11034,NA
Crucial Technology BLS8G4D240FSB.M16FBD 8GB,22,17952,13901,NA
Crucial Technology BLS8G4D240FSBK.8FBD 8GB,23,16121,10768,NA
Crucial Technology BLS8G4D240FSC.16FARG 8GB,23,16845,12175,NA
Crucial Technology BLS8G4D240FSC.16FBD 8GB,23,16664,11997,NA
Crucial Technology BLS8G4D240FSC.16FBD2 8GB,24,16871,12414,NA
Crucial Technology BLS8G4D240FSC.16FBR2 8GB,24,16782,12228,NA
Crucial Technology BLS8G4D240FSC.M16FAD 8GB,22,16815,13293,NA
Crucial Technology BLS8G4D240FSCK.8FBD 8GB,22,16213,10521,NA
Crucial Technology BLS8G4D240FSE.16FAR 8GB,24,16661,11627,NA
Crucial Technology BLS8G4D240FSE.16FBD 8GB,23,16504,11486,NA
Crucial Technology BLS8G4D240FSE.16FBD2 8GB,24,16542,11511,NA
Crucial Technology BLS8G4D240FSE.16FBR2 8GB,24,15897,11418,NA
Crucial Technology BLS8G4D240FSE.M16FAD 8GB,32,13000,8594,NA
Crucial Technology BLS8G4D240FSEK.8FBD 8GB,22,15615,9605,NA
Crucial Technology BLS8G4D26BFSB.16FBD2 8GB,23,17029,12598,$66.99
Crucial Technology BLS8G4D26BFSB.16FBR2 8GB,22,17485,11554,NA
Crucial Technology BLS8G4D26BFSB.16FD2 8GB,20,18408,12075,NA
Crucial Technology BLS8G4D26BFSBK.8FBD 8GB,22,17430,12385,NA
Crucial Technology BLS8G4D26BFSBK.8FBR 8GB,24,15494,11781,NA
Crucial Technology BLS8G4D26BFSBK.8FD 8GB,21,18089,13786,NA
Crucial Technology BLS8G4D26BFSC.16FBD2 8GB,22,17963,13990,NA
Crucial Technology BLS8G4D26BFSC.16FBR2 8GB,29,14702,13546,NA
Crucial Technology BLS8G4D26BFSC.16FD2 8GB,22,17558,13781,NA
Crucial Technology BLS8G4D26BFSCK.8FBD 8GB,21,17149,11337,NA
Crucial Technology BLS8G4D26BFSCK.8FD 8GB,21,18215,13489,NA
Crucial Technology BLS8G4D26BFSE.16FBD2 8GB,23,17105,13156,NA
Crucial Technology BLS8G4D26BFSE.16FBR2 8GB,21,18715,15148,NA
Crucial Technology BLS8G4D26BFSE.16FD2 8GB,23,14969,9929,NA
Crucial Technology BLS8G4D26BFSE.16FE 8GB,21,19099,15067,NA
Crucial Technology BLS8G4D26BFSEK.8FBD 8GB,22,16793,11341,NA
Crucial Technology BLS8G4D26BFSEK.8FBR 8GB,20,19317,15800,NA
Crucial Technology BLS8G4D26BFSEK.8FD 8GB,26,14678,12601,NA
Crucial Technology BLS8G4D30BESBK.8FD 8GB,20,18873,13926,NA
Crucial Technology BLS8G4S240FSD.16FAR 8GB,25,15526,12711,$289.99
Crucial Technology BLS8G4S240FSD.16FBD 8GB,27,15068,11290,NA
Crucial Technology BLS8G4S240FSD.16FBD2 8GB,25,16496,13361,NA
Crucial Technology BLS8G4S240FSD.M16FAD 8GB,26,15104,11607,NA
Crucial Technology BLS8G4S240FSDK.8FBD 8GB,25,16163,11908,NA
Crucial Technology BLS8G4S26BFSD.16FBR2 8GB,31,14009,10913,NA
Crucial Technology BLS8G4S26BFSDK.8FBD 8GB,25,15526,11423,NA
Crucial Technology BLT16G4D26BFT4.C16FD 16GB,23,17173,12783,NA
Crucial Technology BLT16G4D30AETA.K16FB 16GB,24,16330,11483,NA
Crucial Technology BLT4G4D26AFTA.8FADG 4GB,23,16457,12640,$33.99*
Crucial Technology BLT4G4D26AFTA.8FBD 4GB,22,17006,12620,NA
Crucial Technology BLT4G4D30AETA.K8FE 4GB,20,18321,14100,$34.99*
Crucial Technology BLT8G4D26AFTA.16FAD 8GB,23,16746,12138,$39.99*
Crucial Technology BLT8G4D26AFTA.16FBD 8GB,23,16853,12536,NA
Crucial Technology BLT8G4D26BFT4K.C8FD 8GB,21,17638,11850,NA
Crucial Technology BLT8G4D30AETA.K16FE 8GB,21,18550,13716,$59.99*
Crucial Technology BLT8G4D30BET4K.C8FD 8GB,21,18156,12402,NA
Crucial Technology CT16G4DFD8213.C16FAD 16GB,26,14378,9301,$109.99*
Crucial Technology CT16G4DFD8213.C16FBD 16GB,28,14674,9976,$63.99*
Crucial Technology CT16G4DFD8213.C16FBR 16GB,25,15668,10857,NA
Crucial Technology CT16G4DFD8213.C16FDD 16GB,25,14777,9971,NA
Crucial Technology CT16G4DFD8213.C16FH1 16GB,26,16526,11442,NA
Crucial Technology CT16G4DFD8213.M16FA 16GB,25,16389,11266,$69.99*
Crucial Technology CT16G4DFD8213.M16FB 16GB,25,15784,10916,$58.70*
Crucial Technology CT16G4DFD824A.C16FAD 16GB,26,15641,10710,$116.05
Crucial Technology CT16G4DFD824A.C16FBD 16GB,25,16103,11377,$96.99*
Crucial Technology CT16G4DFD824A.C16FBR 16GB,24,15676,10169,NA
Crucial Technology CT16G4DFD824A.C16FDD 16GB,25,16600,11787,NA
Crucial Technology CT16G4DFD824A.C16FDR 16GB,23,16754,11488,NA
Crucial Technology CT16G4DFD824A.C16FE 16GB,23,15811,9441,NA
Crucial Technology CT16G4DFD824A.C16FHD 16GB,27,15893,11148,NA
Crucial Technology CT16G4DFD824A.M16FA 16GB,25,16754,12226,NA
Crucial Technology CT16G4DFD824A.M16FB 16GB,23,15817,9080,NA
Crucial Technology CT16G4DFD824A.M16FH 16GB,25,17175,13015,NA
Crucial Technology CT16G4DFD8266.C16FD1 16GB,24,16914,13513,$111.99
Crucial Technology CT16G4DFD8266.M16FH 16GB,24,16725,13492,NA
Crucial Technology CT16G4SFD8213.C16FAD 16GB,29,13700,10392,$135.00
Crucial Technology CT16G4SFD8213.C16FBD 16GB,30,13708,10185,$63.99*
Crucial Technology CT16G4SFD8213.C16FBR 16GB,30,13654,10216,NA
Crucial Technology CT16G4SFD8213.C16FDD 16GB,25,16023,12146,NA
Crucial Technology CT16G4SFD8213.C16FH1 16GB,29,14180,10001,NA
Crucial Technology CT16G4SFD8213.M16FA 16GB,26,15449,11700,$51.99*
Crucial Technology CT16G4SFD8213.M16FB 16GB,28,13779,10978,$62.33*
Crucial Technology CT16G4SFD824A.C16FBD 16GB,28,13746,9323,$119.99*
Crucial Technology CT16G4SFD824A.C16FBR 16GB,28,14454,10564,$112.81*
Crucial Technology CT16G4SFD824A.C16FDD 16GB,28,15672,11852,NA
Crucial Technology CT16G4SFD824A.C16FE 16GB,29,15900,11331,NA
Crucial Technology CT16G4SFD824A.C16FHD 16GB,29,14193,9380,NA
Crucial Technology CT16G4SFD824A.M16FA 16GB,25,15871,12855,$81.77*
Crucial Technology CT16G4SFD824A.M16FB 16GB,25,14829,9937,NA
Crucial Technology CT16G4SFD824A.M16FH 16GB,25,15233,11007,NA
Crucial Technology CT16G4SFD8266.C16FD1 16GB,26,17375,12260,NA
Crucial Technology CT4G4DFS8213.8FA11 4GB,24,15407,11529,$161.99
Crucial Technology CT4G4DFS8213.8FA11?? 4GB,24,16058,12155,NA
Crucial Technology CT4G4DFS8213.C8FAD1 4GB,30,11809,9966,$20.99*
Crucial Technology CT4G4DFS8213.C8FAD11 4GB,26,14332,10810,NA
Crucial Technology CT4G4DFS8213.C8FADP 4GB,24,14426,9365,NA
Crucial Technology CT4G4DFS8213.C8FAR 4GB,29,12539,9833,$41.99*
Crucial Technology CT4G4DFS8213.C8FAR1 4GB,27,13458,10568,NA
Crucial Technology CT4G4DFS8213.C8FAR11 4GB,26,14413,10943,NA
Crucial Technology CT4G4DFS8213.C8FAR2 4GB,24,15388,11204,NA
Crucial Technology CT4G4DFS8213.C8FBD1 4GB,24,15610,11238,NA
Crucial Technology CT4G4DFS8213.C8FBD2 4GB,25,14998,10788,NA
Crucial Technology CT4G4DFS8213.C8FBR2 4GB,25,15012,10563,NA
Crucial Technology CT4G4DFS8213.C8FDD2 4GB,23,16455,11308,NA
Crucial Technology CT4G4DFS8213.C8FHP 4GB,24,13166,6160,NA
Crucial Technology CT4G4DFS8213.M8FA 4GB,24,15256,11001,NA
Crucial Technology CT4G4DFS8213.M8FB 4GB,24,15298,10686,NA
Crucial Technology CT4G4DFS824A.C8FADP 4GB,23,17243,12540,NA
Crucial Technology CT4G4DFS824A.C8FBD2 4GB,24,15907,11797,NA
Crucial Technology CT4G4DFS824A.C8FBR2 4GB,23,16059,10098,NA
Crucial Technology CT4G4DFS824A.C8FDD2 4GB,23,15364,9633,NA
Crucial Technology CT4G4DFS824A.C8FF 4GB,23,17084,11592,NA
Crucial Technology CT4G4DFS824A.C8FHP 4GB,23,16024,10923,NA
Crucial Technology CT4G4DFS824A.M8FB 4GB,22,17184,12067,NA
Crucial Technology CT4G4SFS8213.C8FBD1 4GB,83,10952,8546,$51.99*
Crucial Technology CT4G4SFS8213.C8FDD2 4GB,28,14832,10438,NA
Crucial Technology CT4G4SFS824A.C8FF 4GB,26,16035,10263,NA
Crucial Technology CT8G4DFD8213.16FA11 8GB,26,15269,11139,$81.90
Crucial Technology CT8G4DFD8213.C16FA11 8GB,27,14365,10740,$36.99*
Crucial Technology CT8G4DFD8213.C16FAD1 8GB,29,13157,10383,$44.99*
Crucial Technology CT8G4DFD8213.C16FAR1 8GB,28,13565,10202,$82.99*
Crucial Technology CT8G4DFD8213.C16FAR2 8GB,26,14923,10733,NA
Crucial Technology CT8G4DFD8213.C16FBD1 8GB,24,15146,10202,NA
Crucial Technology CT8G4DFD8213.C16FBD2 8GB,25,15493,10639,NA
Crucial Technology CT8G4DFD8213.C16FBR2 8GB,25,15442,10500,NA
Crucial Technology CT8G4DFD8213.C16FDD2 8GB,23,16365,11171,NA
Crucial Technology CT8G4DFD8213.C16FDR2 8GB,22,16111,10020,NA
Crucial Technology CT8G4DFD8213.C16FHP 8GB,25,14939,9394,NA
Crucial Technology CT8G4DFD8213.M16FA 8GB,24,15593,11628,NA
Crucial Technology CT8G4DFD8213.M16FB 8GB,24,15492,10680,NA
Crucial Technology CT8G4DFD824A.C16FBD1 8GB,22,17099,11514,$63.14*
Crucial Technology CT8G4DFD824A.C16FBD2 8GB,25,15167,8801,NA
Crucial Technology CT8G4DFD824A.C16FBR2 8GB,23,15376,9539,NA
Crucial Technology CT8G4DFD824A.C16FDD2 8GB,23,17921,14256,NA
Crucial Technology CT8G4DFD824A.C16FDR2 8GB,22,18462,13691,NA
Crucial Technology CT8G4DFD824A.C16FF 8GB,23,16007,10249,NA
Crucial Technology CT8G4DFD824A.C16FHP 8GB,24,16251,11073,NA
Crucial Technology CT8G4DFD824A.M16FB 8GB,24,15077,9022,NA
Crucial Technology CT8G4DFS8213.C8FAD1 8GB,25,13700,7915,$115.85
Crucial Technology CT8G4DFS8213.C8FBD1 8GB,24,14947,9657,$49.99*
Crucial Technology CT8G4DFS8213.C8FBR1 8GB,25,14854,9558,NA
Crucial Technology CT8G4DFS8213.C8FDD1 8GB,24,14427,8142,NA
Crucial Technology CT8G4DFS8213.C8FDR1 8GB,24,15494,10121,NA
Crucial Technology CT8G4DFS8213.M8FA 8GB,26,14197,9722,$28.99*
Crucial Technology CT8G4DFS8213.M8FB 8GB,24,14891,9508,NA
Crucial Technology CT8G4DFS8213.M8FH 8GB,24,14444,7587,NA
Crucial Technology CT8G4DFS824A.C8FAD1 8GB,24,15334,10271,NA
Crucial Technology CT8G4DFS824A.C8FBD1 8GB,23,16199,11291,NA
Crucial Technology CT8G4DFS824A.C8FBR1 8GB,26,14088,8934,NA
Crucial Technology CT8G4DFS824A.C8FDD1 8GB,24,16778,11603,NA
Crucial Technology CT8G4DFS824A.C8FE 8GB,22,17621,12841,NA
Crucial Technology CT8G4DFS824A.C8FHD1 8GB,24,15376,9856,NA
Crucial Technology CT8G4DFS824A.M8FA 8GB,23,14379,6967,NA
Crucial Technology CT8G4DFS824A.M8FB 8GB,23,16595,11721,NA
Crucial Technology CT8G4DFS824A.M8FH 8GB,22,16594,10408,NA
Crucial Technology CT8G4DFS824A.M8FH3 8GB,20,16961,8210,NA
Crucial Technology CT8G4DFS8266.C8FD1 8GB,24,16344,10696,$57.97
Crucial Technology CT8G4DFS8266.M8FH 8GB,22,17088,11576,NA
Crucial Technology CT8G4SFD8213.C16FADP 8GB,29,13125,9576,$67.00
Crucial Technology CT8G4SFD8213.C16FBD1 8GB,27,14577,10391,$77.99*
Crucial Technology CT8G4SFD8213.C16FBD2 8GB,27,14492,11319,NA
Crucial Technology CT8G4SFD8213.C16FBR2 8GB,28,15392,11350,NA
Crucial Technology CT8G4SFD8213.C16FHP 8GB,29,12688,9643,NA
Crucial Technology CT8G4SFD8213.M16FB 8GB,27,15576,12242,NA
Crucial Technology CT8G4SFD824A.C16FADP 8GB,31,15557,11779,$56.99
Crucial Technology CT8G4SFD824A.C16FDD2 8GB,27,14752,11247,NA
Crucial Technology CT8G4SFD824A.C16FHP 8GB,26,16509,11949,NA
Crucial Technology CT8G4SFD824A.M16FB 8GB,28,16594,13048,NA
Crucial Technology CT8G4SFD824A.M16FE1 8GB,31,16533,12992,NA
Crucial Technology CT8G4SFS8213.C8FAD1 8GB,26,14465,10462,$67.00
Crucial Technology CT8G4SFS8213.C8FBR1 8GB,26,13859,8849,NA
Crucial Technology CT8G4SFS8213.M8FA 8GB,28,14639,10693,NA
Crucial Technology CT8G4SFS8213.M8FB 8GB,28,12511,8602,$54.67*
Crucial Technology CT8G4SFS824A.C8FAD1 8GB,26,14835,9605,$56.99
Crucial Technology CT8G4SFS824A.C8FBD1 8GB,26,14668,10044,$35.59*
Crucial Technology CT8G4SFS824A.C8FBR1 8GB,27,14464,11312,NA
Crucial Technology CT8G4SFS824A.C8FDD1 8GB,26,15799,11502,NA
Crucial Technology CT8G4SFS824A.C8FE 8GB,29,15469,9821,NA
Crucial Technology CT8G4SFS824A.C8FHD1 8GB,29,14475,10361,NA
Crucial Technology CT8G4SFS824A.M8FA 8GB,24,13704,6496,$54.67*
Crucial Technology CT8G4SFS824A.M8FB 8GB,24,15258,11369,NA
Crucial Technology CT8G4SFS824A.M8FD 8GB,26,16583,12560,NA
Crucial Technology CT8G4SFS824A.M8FH 8GB,26,16598,12620,NA
Crucial Technology CT8G4SFS8266.C8FD1 8GB,24,17417,13184,$56.99
Essencore Limited 8GBF1X08QFHH38-135-K 8GB,19,19292,13740,NA
Essencore Limited IM44GU48N26-FFFHM 4GB,21,15928,12245,NA
Essencore Limited IM44GU48N26-GIIHA0 4GB,25,16703,10669,NA
Essencore Limited IM48GU48A32-GIISMZ 8GB,21,19768,15356,NA
Essencore Limited IM48GU48N21-FFFHM 8GB,23,16009,10395,NA
Essencore Limited IM48GU88A30-FGGHMB 8GB,19,18958,12363,NA
Essencore Limited IM48GU88A30-FGGHMZ 8GB,23,16885,12376,NA
Essencore Limited IM4AGS88N26-GIIHA0 16GB,29,14446,7900,NA
EVGA 16G-D4-2400-MR 8GB,23,16567,11885,NA
EVGA 16G-D4-2666-MR 4GB,23,17265,12807,NA
EVGA 16G-D4-2800-MR 4GB,26,15089,11840,NA
EVGA 8GX-D4-2800-MR 8GB,22,17553,13855,NA
EVGA 8GX-D4-3000-MR 8GB,21,18044,13183,NA
EVGA 8GX-D4-3200-MR 8GB,21,18368,13680,NA
G Skill Intl F4-2133C15-16GIS 16GB,27,14318,9496,NA
G Skill Intl F4-2133C15-16GRS 16GB,29,14270,10537,NA
G Skill Intl F4-2133C15-16GVR 16GB,26,15501,11282,NA
G Skill Intl F4-2133C15-4GIS 4GB,24,15719,11156,NA
G Skill Intl F4-2133C15-4GNT 4GB,26,14759,10830,NA
G Skill Intl F4-2133C15-4GRB 4GB,28,12989,10275,NA
G Skill Intl F4-2133C15-4GRK 4GB,28,12998,10447,NA
G Skill Intl F4-2133C15-4GRR 4GB,27,14122,10827,NA
G Skill Intl F4-2133C15-4GRS 4GB,27,15003,11057,NA
G Skill Intl F4-2133C15-4GVK 4GB,23,16209,11906,NA
G Skill Intl F4-2133C15-4GVR 4GB,24,15833,11521,NA
G Skill Intl F4-2133C15-8GFX 8GB,23,16022,11400,NA
G Skill Intl F4-2133C15-8GFXR 8GB,22,18522,13227,NA
G Skill Intl F4-2133C15-8GIS 8GB,25,14531,9075,NA
G Skill Intl F4-2133C15-8GNS 8GB,28,13402,7165,NA
G Skill Intl F4-2133C15-8GNT 8GB,26,14565,9951,NA
G Skill Intl F4-2133C15-8GRB 8GB,29,12697,10284,NA
G Skill Intl F4-2133C15-8GRK 8GB,28,12940,10747,$219.99*
G Skill Intl F4-2133C15-8GRR 8GB,26,14808,10979,NA
G Skill Intl F4-2133C15-8GRR2 8GB,33,11005,9363,NA
G Skill Intl F4-2133C15-8GRS 8GB,28,13544,9480,NA
G Skill Intl F4-2133C15-8GVK 8GB,30,11605,10109,NA
G Skill Intl F4-2133C15-8GVR 8GB,24,15756,11261,NA
G Skill Intl F4-2400C14-16GRK 16GB,29,13069,9387,NA
G Skill Intl F4-2400C14-16GVK 16GB,24,16283,11455,NA
G Skill Intl F4-2400C14-4GRK 4GB,28,12751,10054,NA
G Skill Intl F4-2400C15-16GFT 16GB,22,17583,13930,NA
G Skill Intl F4-2400C15-16GFX 16GB,24,16445,11265,NA
G Skill Intl F4-2400C15-16GFXR 16GB,22,18418,13473,NA
G Skill Intl F4-2400C15-16GIS 16GB,25,15128,10136,NA
G Skill Intl F4-2400C15-16GTZR 16GB,24,16310,12648,NA
G Skill Intl F4-2400C15-16GVR 16GB,25,15964,11596,NA
G Skill Intl F4-2400C15-4GIS 4GB,22,16731,12033,NA
G Skill Intl F4-2400C15-4GNT 4GB,25,14540,11073,$104.99
G Skill Intl F4-2400C15-4GRB 4GB,27,13128,10507,NA
G Skill Intl F4-2400C15-4GRK 4GB,28,13212,10550,$151.16
G Skill Intl F4-2400C15-4GRR 4GB,27,13870,10684,$132.99*
G Skill Intl F4-2400C15-4GVR 4GB,23,15930,11330,NA
G Skill Intl F4-2400C15-8GFT 8GB,22,17241,12628,NA
G Skill Intl F4-2400C15-8GFX 8GB,24,15774,10639,NA
G Skill Intl F4-2400C15-8GFXR 8GB,21,17388,12212,NA
G Skill Intl F4-2400C15-8GIS 8GB,23,16292,10896,NA
G Skill Intl F4-2400C15-8GNS 8GB,24,13918,6617,NA
G Skill Intl F4-2400C15-8GNT 8GB,25,15672,11259,$231.20
G Skill Intl F4-2400C15-8GRB 8GB,28,13437,10751,NA
G Skill Intl F4-2400C15-8GRK 8GB,27,13909,10832,$243.07
G Skill Intl F4-2400C15-8GRR 8GB,26,14950,11233,$258.13*
G Skill Intl F4-2400C15-8GTZR 8GB,23,17055,12033,NA
G Skill Intl F4-2400C15-8GVB 8GB,23,16393,11893,NA
G Skill Intl F4-2400C15-8GVR 8GB,24,16251,11463,NA
G Skill Intl F4-2400C15-8GVS 8GB,23,16569,11955,NA
G Skill Intl F4-2400C16-16GRS 16GB,26,15219,11594,NA
G Skill Intl F4-2400C16-4GRS 4GB,23,16633,12536,NA
G Skill Intl F4-2400C16-8GFT 8GB,24,15286,11908,NA
G Skill Intl F4-2400C16-8GFXR 8GB,25,14287,9650,NA
G Skill Intl F4-2400C16-8GIS 8GB,23,16233,11017,NA
G Skill Intl F4-2400C16-8GRS 8GB,25,15531,11572,NA
G Skill Intl F4-2400C16-8GRSB 8GB,24,15041,9159,NA
G Skill Intl F4-2400C17-16GIS 16GB,25,16183,9580,NA
G Skill Intl F4-2400C17-4GIS 4GB,22,17288,13200,NA
G Skill Intl F4-2400C17-8GIS 8GB,23,16919,11964,NA
G Skill Intl F4-2400C17-8GNT 8GB,24,18079,14446,NA
G Skill Intl F4-2400C17-8GVR 8GB,24,15410,8588,NA
G Skill Intl F4-2666C15-16GVK 16GB,22,18019,13717,NA
G Skill Intl F4-2666C15-16GVR 16GB,25,15979,11972,NA
G Skill Intl F4-2666C15-4GRR 4GB,26,14137,11288,$140.52*
G Skill Intl F4-2666C15-4GVR 4GB,22,17290,12714,NA
G Skill Intl F4-2666C15-8GRKB 8GB,27,13233,10875,NA
G Skill Intl F4-2666C15-8GRR 8GB,26,14053,11342,$360.99*
G Skill Intl F4-2666C15-8GVB 8GB,22,17445,12847,NA
G Skill Intl F4-2666C15-8GVK 8GB,20,19126,14685,NA
G Skill Intl F4-2666C15-8GVR 8GB,22,17350,12835,NA
G Skill Intl F4-2666C15-8GVS 8GB,21,18752,14122,NA
G Skill Intl F4-2666C16-4GRB 4GB,28,12594,10296,NA
G Skill Intl F4-2666C16-8GRB 8GB,29,12876,10389,NA
G Skill Intl F4-2666C18-16GRS 16GB,24,16460,12036,NA
G Skill Intl F4-2666C18-8GRS 8GB,24,15724,12727,NA
G Skill Intl F4-2666C18-8GTZR 8GB,22,17592,12864,NA
G Skill Intl F4-2666C19-8GIS 8GB,22,18109,13789,NA
G Skill Intl F4-2666C19-8GNT 8GB,21,17919,13212,NA
G Skill Intl F4-2666C19-8GRS 8GB,27,16246,12486,NA
G Skill Intl F4-2666C19-8GVR 8GB,22,17183,12391,NA
G Skill Intl F4-2800C14-16GTZ 16GB,25,15621,11255,NA
G Skill Intl F4-2800C14-16GVK 16GB,22,17834,13358,NA
G Skill Intl F4-2800C15-16GRKD 16GB,28,14096,10365,NA
G Skill Intl F4-2800C15-16GVR 16GB,26,14860,10818,NA
G Skill Intl F4-2800C15-4GTZB 4GB,21,18657,14026,NA
G Skill Intl F4-2800C15-4GVR 4GB,21,18461,13901,NA
G Skill Intl F4-2800C15-4GVRB 4GB,22,17805,13360,NA
G Skill Intl F4-2800C15-8GRBB 8GB,26,14185,11311,NA
G Skill Intl F4-2800C15-8GRK 8GB,27,13254,11052,NA
G Skill Intl F4-2800C15-8GTXG 8GB,25,14697,10998,NA
G Skill Intl F4-2800C15-8GTZB 8GB,22,17717,13562,NA
G Skill Intl F4-2800C15-8GVR 8GB,22,17283,13071,NA
G Skill Intl F4-2800C15-8GVRB 8GB,24,15959,11386,NA
G Skill Intl F4-2800C15-8GVSB 8GB,22,17475,12010,NA
G Skill Intl F4-2800C16-4GRK 4GB,26,13927,11130,$140.52*
G Skill Intl F4-2800C16-4GRR 4GB,25,15726,12202,NA
G Skill Intl F4-2800C16-8GRK 8GB,26,14360,11403,NA
G Skill Intl F4-2800C16-8GRR 8GB,24,16247,11858,NA
G Skill Intl F4-2800C16-8GVG 8GB,22,17204,12593,NA
G Skill Intl F4-2800C16-8GVR 8GB,25,15248,11479,NA
G Skill Intl F4-2800C17-8GIS 8GB,22,16835,11450,NA
G Skill Intl F4-2800C17-8GVR 8GB,22,16299,10384,NA
G Skill Intl F4-2800C18-16GRS 16GB,24,16421,12317,NA
G Skill Intl F4-2800C18-8GRS 8GB,27,15966,12794,NA
G Skill Intl F4-2933C16-16GFX 16GB,21,19674,14478,NA
G Skill Intl F4-3000C14-16GTZ 16GB,23,17537,13488,NA
G Skill Intl F4-3000C14-16GTZR 16GB,23,16217,13642,NA
G Skill Intl F4-3000C14-16GVK 16GB,24,16297,12386,NA
G Skill Intl F4-3000C14-16GVKD 16GB,31,12269,9427,NA
G Skill Intl F4-3000C14-16GVR 16GB,21,18597,14511,NA
G Skill Intl F4-3000C14-16GVRD 16GB,29,13600,10129,NA
G Skill Intl F4-3000C14-8GTZ 8GB,20,18997,14473,NA
G Skill Intl F4-3000C14-8GTZR 8GB,19,19342,14769,NA
G Skill Intl F4-3000C14-8GVK 8GB,22,16769,12910,NA
G Skill Intl F4-3000C14-8GVR 8GB,20,18166,13979,NA
G Skill Intl F4-3000C15-16GTZ 16GB,22,18096,13664,NA
G Skill Intl F4-3000C15-16GVR 16GB,22,17787,13152,NA
G Skill Intl F4-3000C15-4GRBB 4GB,24,15293,12139,NA
G Skill Intl F4-3000C15-4GRK 4GB,23,15360,12324,NA
G Skill Intl F4-3000C15-4GRR 4GB,25,14426,11550,$225.98*
G Skill Intl F4-3000C15-4GTZB 4GB,19,19314,15077,NA
G Skill Intl F4-3000C15-4GVR 4GB,22,17647,13690,NA
G Skill Intl F4-3000C15-4GVRB 4GB,23,16661,12650,NA
G Skill Intl F4-3000C15-8GRBB 8GB,24,16167,12061,NA
G Skill Intl F4-3000C15-8GRK 8GB,23,16593,12858,$229.99
G Skill Intl F4-3000C15-8GRKB 8GB,20,18942,15023,NA
G Skill Intl F4-3000C15-8GRRB 8GB,23,17650,13530,NA
G Skill Intl F4-3000C15-8GTZ 8GB,20,18931,14769,NA
G Skill Intl F4-3000C15-8GTZB 8GB,21,18548,14279,NA
G Skill Intl F4-3000C15-8GTZR 8GB,20,18701,13974,NA
G Skill Intl F4-3000C15-8GVGB 8GB,21,18429,13660,NA
G Skill Intl F4-3000C15-8GVKB 8GB,21,18371,13517,NA
G Skill Intl F4-3000C15-8GVR 8GB,22,17757,13630,NA
G Skill Intl F4-3000C15-8GVRB 8GB,22,17323,12950,NA
G Skill Intl F4-3000C15-8GVS 8GB,21,18205,13815,NA
G Skill Intl F4-3000C16-16GISB 16GB,23,17416,13553,NA
G Skill Intl F4-3000C16-16GRS 16GB,26,16366,12465,NA
G Skill Intl F4-3000C16-16GSXFB 16GB,29,13353,9584,NA
G Skill Intl F4-3000C16-16GSXWB 16GB,20,20017,15580,NA
G Skill Intl F4-3000C16-16GTZR 16GB,23,17844,13913,NA
G Skill Intl F4-3000C16-16GVRB 16GB,25,17009,12863,NA
G Skill Intl F4-3000C16-8GISB 8GB,21,17713,12700,NA
G Skill Intl F4-3000C16-8GRS 8GB,21,18059,13519,NA
G Skill Intl F4-3000C16-8GSXFB 8GB,22,17418,13230,NA
G Skill Intl F4-3000C16-8GSXKB 8GB,21,18716,14142,NA
G Skill Intl F4-3000C16-8GTZR 8GB,22,17973,13366,NA
G Skill Intl F4-3000C16-8GVRB 8GB,21,18667,14179,NA
G Skill Intl F4-3000C16-8GVSB 8GB,22,17205,12237,NA
G Skill Intl F4-3200C14-16GTZ 16GB,21,18426,14130,NA
G Skill Intl F4-3200C14-16GTZKO 16GB,18,21251,15843,NA
G Skill Intl F4-3200C14-16GTZKW 16GB,20,19828,14627,NA
G Skill Intl F4-3200C14-16GTZKY 16GB,21,17286,12797,NA
G Skill Intl F4-3200C14-16GTZR 16GB,20,19521,15612,NA
G Skill Intl F4-3200C14-16GTZSK 16GB,21,18951,14168,NA
G Skill Intl F4-3200C14-16GTZSW 16GB,22,17122,12660,NA
G Skill Intl F4-3200C14-16GVK 16GB,21,18709,14427,NA
G Skill Intl F4-3200C14-16GVR 16GB,22,18058,14115,NA
G Skill Intl F4-3200C14-8GFX 8GB,18,20281,15531,NA
G Skill Intl F4-3200C14-8GTZ 8GB,20,18642,14315,NA
G Skill Intl F4-3200C14-8GTZKO 8GB,17,20971,15641,NA
G Skill Intl F4-3200C14-8GTZKW 8GB,19,19822,14169,NA
G Skill Intl F4-3200C14-8GTZKY 8GB,21,19141,14608,NA
G Skill Intl F4-3200C14-8GTZR 8GB,19,19921,15052,NA
G Skill Intl F4-3200C14-8GTZRX 8GB,21,18023,14990,NA
G Skill Intl F4-3200C14-8GTZSK 8GB,19,19939,14925,NA
G Skill Intl F4-3200C14-8GTZSW 8GB,21,17576,13436,NA
G Skill Intl F4-3200C14-8GVK 8GB,19,19789,15056,NA
G Skill Intl F4-3200C14-8GVR 8GB,18,20764,15867,NA
G Skill Intl F4-3200C15-16GTZ 16GB,21,18135,13649,NA
G Skill Intl F4-3200C15-16GTZKO 16GB,27,13851,7734,NA
G Skill Intl F4-3200C15-16GTZKW 16GB,20,19686,15520,NA
G Skill Intl F4-3200C15-16GTZR 16GB,20,19757,15336,NA
G Skill Intl F4-3200C15-16GTZSK 16GB,20,19688,15212,NA
G Skill Intl F4-3200C15-16GTZSW 16GB,28,12760,10201,NA
G Skill Intl F4-3200C15-16GVK 16GB,24,17100,12652,NA
G Skill Intl F4-3200C15-16GVR 16GB,21,18670,14567,NA
G Skill Intl F4-3200C15-4GRKD 4GB,25,16155,12609,NA
G Skill Intl F4-3200C15-8GTZ 8GB,20,18808,14615,NA
G Skill Intl F4-3200C15-8GTZKO 8GB,21,17179,13212,NA
G Skill Intl F4-3200C15-8GTZKW 8GB,18,19908,15308,NA
G Skill Intl F4-3200C15-8GTZSK 8GB,18,20552,16139,NA
G Skill Intl F4-3200C15-8GTZSW 8GB,21,17698,13076,NA
G Skill Intl F4-3200C15-8GVK 8GB,21,18571,14465,NA
G Skill Intl F4-3200C15-8GVR 8GB,21,17590,12992,NA
G Skill Intl F4-3200C16-16GRS 16GB,19,20879,15830,NA
G Skill Intl F4-3200C16-16GSXKB 16GB,22,17663,14077,NA
G Skill Intl F4-3200C16-16GTZ 16GB,25,16580,13113,NA
G Skill Intl F4-3200C16-16GTZA 16GB,22,17994,13427,NA
G Skill Intl F4-3200C16-16GTZKO 16GB,21,18671,14292,NA
G Skill Intl F4-3200C16-16GTZKW 16GB,24,17073,13165,NA
G Skill Intl F4-3200C16-16GTZKY 16GB,18,20746,16425,NA
G Skill Intl F4-3200C16-16GTZR 16GB,21,18977,14157,NA
G Skill Intl F4-3200C16-16GTZRX 16GB,22,18244,13216,NA
G Skill Intl F4-3200C16-16GTZSK 16GB,21,19191,14457,NA
G Skill Intl F4-3200C16-16GTZSW 16GB,22,17722,13779,NA
G Skill Intl F4-3200C16-16GVK 16GB,23,17625,13067,NA
G Skill Intl F4-3200C16-16GVKA 16GB,21,18977,14809,NA
G Skill Intl F4-3200C16-16GVR 16GB,20,19009,13451,NA
G Skill Intl F4-3200C16-16GVS 16GB,23,18790,14598,NA
G Skill Intl F4-3200C16-4GRB 4GB,20,18894,14652,NA
G Skill Intl F4-3200C16-4GRK 4GB,25,15388,12175,NA
G Skill Intl F4-3200C16-4GRKD 4GB,26,13939,11265,NA
G Skill Intl F4-3200C16-4GTZ 4GB,20,18585,14761,NA
G Skill Intl F4-3200C16-4GTZB 4GB,21,17494,13505,NA
G Skill Intl F4-3200C16-4GVK 4GB,20,18493,14291,NA
G Skill Intl F4-3200C16-4GVKB 4GB,22,17201,13403,NA
G Skill Intl F4-3200C16-4GVRB 4GB,20,18464,14633,NA
G Skill Intl F4-3200C16-8GRKB 8GB,19,19869,15025,NA
G Skill Intl F4-3200C16-8GSXFB 8GB,25,15243,13759,NA
G Skill Intl F4-3200C16-8GSXKB 8GB,21,18357,14781,NA
G Skill Intl F4-3200C16-8GSXWB 8GB,20,19145,14305,NA
G Skill Intl F4-3200C16-8GTZ 8GB,20,19046,15077,NA
G Skill Intl F4-3200C16-8GTZB 8GB,22,17737,13700,NA
G Skill Intl F4-3200C16-8GTZKO 8GB,22,16205,10424,NA
G Skill Intl F4-3200C16-8GTZKW 8GB,21,17913,13544,NA
G Skill Intl F4-3200C16-8GTZKY 8GB,21,18506,14142,NA
G Skill Intl F4-3200C16-8GTZR 8GB,20,18950,14358,NA
G Skill Intl F4-3200C16-8GTZRX 8GB,19,19434,14179,NA
G Skill Intl F4-3200C16-8GTZSK 8GB,21,17982,13802,NA
G Skill Intl F4-3200C16-8GTZSW 8GB,21,18544,13765,NA
G Skill Intl F4-3200C16-8GVGB 8GB,21,18768,13926,NA
G Skill Intl F4-3200C16-8GVK 8GB,21,18600,14475,NA
G Skill Intl F4-3200C16-8GVKB 8GB,21,18537,13940,NA
G Skill Intl F4-3200C16-8GVR 8GB,22,18079,13500,NA
G Skill Intl F4-3200C16-8GVRB 8GB,22,17655,13099,NA
G Skill Intl F4-3200C16-8GVS 8GB,22,18097,13309,NA
G Skill Intl F4-3200C16-8GVSB 8GB,25,13598,10578,NA
G Skill Intl F4-3200C18-16GRS 16GB,19,19597,15088,NA
G Skill Intl F4-3300C16-16GTZKW 16GB,24,16119,11901,NA
G Skill Intl F4-3300C16-16GTZSW 16GB,29,13741,11333,NA
G Skill Intl F4-3300C16-4GRKD 4GB,25,14318,11683,NA
G Skill Intl F4-3300C16-4GRRD 4GB,29,13853,11803,NA
G Skill Intl F4-3300C16-8GTZ 8GB,27,13590,9863,NA
G Skill Intl F4-3300C16-8GTZSW 8GB,23,18365,14090,NA
G Skill Intl F4-3333C16-16GTZ 16GB,26,15159,11171,NA
G Skill Intl F4-3333C16-16GTZR 16GB,23,16867,12663,NA
G Skill Intl F4-3333C16-16GVR 16GB,23,17440,12805,NA
G Skill Intl F4-3333C16-4GRKD 4GB,28,12936,10332,NA
G Skill Intl F4-3333C16-4GRRD 4GB,28,13095,11006,NA
G Skill Intl F4-3333C16-8GTZ 8GB,20,19011,14702,NA
G Skill Intl F4-3333C16-8GTZB 8GB,23,16763,12366,NA
G Skill Intl F4-3333C16-8GTZKW 8GB,25,14361,9966,NA
G Skill Intl F4-3333C16-8GTZSW 8GB,24,15079,11093,NA
G Skill Intl F4-3333C16-8GVK 8GB,25,15149,12117,NA
G Skill Intl F4-3333C16-8GVR 8GB,24,15274,10727,NA
G Skill Intl F4-3400C16-16GTZ 16GB,23,17678,13478,NA
G Skill Intl F4-3400C16-16GVK 16GB,22,18498,14537,NA
G Skill Intl F4-3400C16-16GVR 16GB,24,17014,12857,NA
G Skill Intl F4-3400C16-4GRBD 4GB,21,18208,14715,NA
G Skill Intl F4-3400C16-8GTZ 8GB,21,18694,14672,NA
G Skill Intl F4-3400C16-8GTZKW 8GB,25,15476,10607,NA
G Skill Intl F4-3400C16-8GVK 8GB,21,18731,14291,NA
G Skill Intl F4-3466C16-16GTZ 16GB,23,17298,13665,NA
G Skill Intl F4-3466C16-16GTZR 16GB,19,20504,15999,NA
G Skill Intl F4-3466C16-16GTZSW 16GB,22,18164,14295,NA
G Skill Intl F4-3466C16-4GTZ 4GB,20,19754,15372,NA
G Skill Intl F4-3466C16-4GVK 4GB,19,19770,15565,NA
G Skill Intl F4-3466C16-8GTZ 8GB,20,19022,15141,NA
G Skill Intl F4-3466C16-8GTZKW 8GB,21,18002,14322,NA
G Skill Intl F4-3466C16-8GTZR 8GB,19,20151,15304,NA
G Skill Intl F4-3466C16-8GTZSK 8GB,18,20605,15676,NA
G Skill Intl F4-3466C16-8GTZSW 8GB,29,12875,9445,NA
G Skill Intl F4-3466C16-8GVK 8GB,19,20092,14784,NA
G Skill Intl F4-3600C15-8GTZ 8GB,18,20929,16333,NA
G Skill Intl F4-3600C16-8GTZ 8GB,18,20976,16707,NA
G Skill Intl F4-3600C16-8GTZKW 8GB,18,20515,15800,NA
G Skill Intl F4-3600C16-8GTZR 8GB,19,20570,16093,NA
G Skill Intl F4-3600C16-8GTZSW 8GB,20,19512,15499,NA
G Skill Intl F4-3600C16-8GVK 8GB,18,20411,15451,NA
G Skill Intl F4-3600C17-16GTZ 16GB,20,20150,15814,NA
G Skill Intl F4-3600C17-16GTZKK 16GB,20,20079,15742,NA
G Skill Intl F4-3600C17-16GTZKW 16GB,22,18611,14922,NA
G Skill Intl F4-3600C17-16GTZR 16GB,22,18289,14805,NA
G Skill Intl F4-3600C17-16GTZSW 16GB,23,17658,14811,NA
G Skill Intl F4-3600C17-4GTZ 4GB,19,19644,15540,NA
G Skill Intl F4-3600C17-4GVK 4GB,22,17582,13705,NA
G Skill Intl F4-3600C17-8GTZ 8GB,20,18697,14269,NA
G Skill Intl F4-3600C17-8GTZR 8GB,19,19712,15046,NA
G Skill Intl F4-3600C17-8GVK 8GB,21,18558,14390,NA
G Skill Intl F4-3600C18-8GTZRX 8GB,19,19880,16628,NA
G Skill Intl F4-3600C19-16GSXKB 16GB,19,20400,16509,NA
G Skill Intl F4-3600C19-16GSXWB 16GB,20,19789,15551,NA
G Skill Intl F4-3600C19-16GVRB 16GB,21,18669,14050,NA
G Skill Intl F4-3600C19-8GSXF 8GB,18,20279,14063,NA
G Skill Intl F4-3600C19-8GSXK 8GB,22,17470,12721,NA
G Skill Intl F4-3600C19-8GSXKB 8GB,19,20287,16128,NA
G Skill Intl F4-3600C19-8GSXWB 8GB,20,18853,14759,NA
G Skill Intl F4-3600C19-8GTZRB 8GB,23,16381,11393,NA
G Skill Intl F4-3600C19-8GVRB 8GB,20,19059,14210,NA
G Skill Intl F4-3733C17-16GTZR 16GB,24,17339,15569,NA
G Skill Intl F4-3733C17-4GTZ 4GB,18,20533,16956,NA
G Skill Intl F4-3733C17-4GVK 4GB,21,19012,14397,NA
G Skill Intl F4-3733C17-8GTZA 8GB,19,20158,15983,NA
G Skill Intl F4-3733C17-8GTZKW 8GB,20,19108,13681,NA
G Skill Intl F4-3733C17-8GTZSW 8GB,17,21316,17812,NA
G Skill Intl F4-3866C18-16GTZR 16GB,20,19740,15281,NA
G Skill Intl F4-3866C18-4GTZ 4GB,21,18986,14858,NA
G Skill Intl F4-3866C18-4GVK 4GB,19,19585,13775,NA
G Skill Intl F4-3866C18-8GTZ 8GB,20,18925,14490,NA
G Skill Intl F4-3866C18-8GTZR 8GB,19,20182,15068,NA
G Skill Intl F4-3866C18-8GTZSW 8GB,18,21732,17817,NA
G Skill Intl F4-4000C17-8GTZR 8GB,20,19233,14768,NA
G Skill Intl F4-4000C18-8GTZ 8GB,19,19691,15573,NA
G Skill Intl F4-4000C18-8GTZKW 8GB,20,19735,14617,NA
G Skill Intl F4-4000C18-8GTZR 8GB,19,19901,14841,NA
G Skill Intl F4-4000C18-8GTZSW 8GB,20,19062,14717,NA
G Skill Intl F4-4000C19-16GTZSW 16GB,22,17645,15009,NA
G Skill Intl F4-4000C19-4GTZ 4GB,20,19286,14647,NA
G Skill Intl F4-4000C19-4GVK 4GB,21,18545,14185,NA
G Skill Intl F4-4000C19-8GTZ 8GB,20,18859,14133,NA
G Skill Intl F4-4000C19-8GTZKW 8GB,19,19353,15011,NA
G Skill Intl F4-4000C19-8GTZSW 8GB,20,18853,15046,NA
G Skill Intl F4-4133C17-8GTZR 8GB,19,20332,15159,NA
G Skill Intl F4-4133C19-4GTZ 4GB,19,19503,14860,NA
G Skill Intl F4-4133C19-8GTZA 8GB,21,17230,12618,NA
G Skill Intl F4-4133C19-8GTZC 8GB,18,21065,15085,NA
G Skill Intl F4-4133C19-8GTZKKF 8GB,32,10846,12285,NA
G Skill Intl F4-4133C19-8GTZKW 8GB,19,20228,16097,NA
G Skill Intl F4-4133C19-8GTZKWC 8GB,20,15321,9899,NA
G Skill Intl F4-4133C19-8GTZR 8GB,21,18443,14192,NA
G Skill Intl F4-4133C19-8GTZSWF 8GB,34,9910,11930,NA
G Skill Intl F4-4266C17-8GTZR 8GB,21,19215,14697,NA
G Skill Intl F4-4266C19-8GTRS 8GB,18,12727,6355,NA
G Skill Intl F4-4266C19-8GTZA 8GB,18,20499,15781,NA
G Skill Intl F4-4266C19-8GTZKW 8GB,18,20452,15591,NA
G Skill Intl F4-4266C19-8GTZR 8GB,19,20226,15525,NA
G Skill Intl F4-4266C19-8GTZSW 8GB,17,22059,18039,NA
G Skill Intl F4-4400C19-8GTZKK 8GB,19,19574,14131,NA
G Skill Intl F4-4400C19-8GTZSW 8GB,16,22075,16842,NA
G Skill Intl F4-4600C19-8GTZKKC 8GB,17,21160,17193,NA
Gloway International (HK) STK2400CL17SNB16GB 16GB,23,17548,13180,NA
Golden Empire CL14-14-14 D4-2400 16GB,24,16825,11625,NA
Golden Empire CL14-16-16 D4-2400 16GB,25,16085,11855,NA
Golden Empire CL15-15-15 D4-2133 8GB,25,15084,10449,NA
Golden Empire CL15-15-15 D4-2400 4GB,24,16446,12236,NA
Golden Empire CL15-15-15 D4-2666 4GB,26,13425,10954,NA
Golden Empire CL15-15-15 D4-3000 8GB,26,13780,10366,NA
Golden Empire CL15-17-17 D4-3000 8GB,21,18157,13603,NA
Golden Empire CL15-17-17 D4-3200 8GB,23,15462,11560,NA
Golden Empire CL16-16-16 D4-2400 8GB,24,15869,11154,NA
Golden Empire CL16-16-16 D4-2800 8GB,25,14676,11480,NA
Golden Empire CL16-16-16 D4-3000 4GB,25,13988,11107,NA
Golden Empire CL16-16-16 D4-3200 4GB,22,17117,13131,NA
Golden Empire CL16-18-18 D4-2666 8GB,24,17624,13585,NA
Golden Empire CL16-18-18 D4-3000 16GB,22,17734,12788,NA
Golden Empire CL16-18-18 D4-3200 8GB,21,18957,14312,NA
Golden Empire CL16-18-18 D4-3400 4GB,26,14392,11231,NA
Golden Empire CL17-17-17 D4-2400 16GB,22,17416,12649,NA
Golden Empire CL18-20-20 D4-3000 8GB,22,17169,12048,NA
Golden Empire CL19-19-19 D4-2666 4GB,23,16719,11403,NA
Golden Empire CL19-25-25 D4-4000 4GB,23,17473,12818,NA
Hoodisk Electronics Co Ltd GKE160SO102408-2666 16GB,27,16706,11301,NA
Hynix Semiconductor (Hyundai Electronics) GKE160SO102408-2400 16GB,24,16036,12502,NA
Hynix Semiconductor (Hyundai Electronics) GKE800SO102408-2400 8GB,25,14574,9904,NA
Hynix Semiconductor (Hyundai Electronics) GKE800SO51208-2133AH 8GB,28,14318,11420,NA
Hynix Semiconductor (Hyundai Electronics) GKE800SO51208-2400AH 8GB,25,14211,7370,NA
Hynix Semiconductor (Hyundai Electronics) HMA41GR7AFR4N-TF 8GB,37,9085,7555,NA
Hynix Semiconductor (Hyundai Electronics) HMA41GR7AFR4N-UH 8GB,32,11279,7560,NA
Hynix Semiconductor (Hyundai Electronics) HMA41GR7AFR8N-TF 8GB,34,11144,9465,NA
Hynix Semiconductor (Hyundai Electronics) HMA41GR7AFR8N-UH 8GB,33,11596,8299,NA
Hynix Semiconductor (Hyundai Electronics) HMA41GR7MFR4N-TF 8GB,35,9784,7829,NA
Hynix Semiconductor (Hyundai Electronics) HMA41GR7MFR8N-TF 8GB,38,9430,8242,NA
Hynix Semiconductor (Hyundai Electronics) HMA41GS6AFR8N-TF 8GB,28,13792,10352,NA
Hynix Semiconductor (Hyundai Electronics) HMA41GU6AFR8N-TF 8GB,27,15632,11349,NA
Hynix Semiconductor (Hyundai Electronics) HMA41GU6MFR8N-TF 8GB,29,13760,11002,NA
Hynix Semiconductor (Hyundai Electronics) HMA42GR7AFR4N-TF 16GB,35,9722,8261,NA
Hynix Semiconductor (Hyundai Electronics) HMA42GR7AFR4N-UH 16GB,35,10275,7433,NA
Hynix Semiconductor (Hyundai Electronics) HMA42GR7MFR4N-TF 16GB,36,9116,7939,NA
Hynix Semiconductor (Hyundai Electronics) HMA451R7AFR8N-UH 4GB,36,9302,7026,NA
Hynix Semiconductor (Hyundai Electronics) HMA451R7MFR8N-TF 4GB,36,9498,7689,NA
Hynix Semiconductor (Hyundai Electronics) HMA451R7MFR8N-TFTD 4GB,41,7806,6078,NA
Hynix Semiconductor (Hyundai Electronics) HMA451S6AFR8N-TF 4GB,28,13833,10066,NA
Hynix Semiconductor (Hyundai Electronics) HMA451U6AFR8N-TF 4GB,27,14558,10447,NA
Hynix Semiconductor (Hyundai Electronics) HMA451U6MFR8N-TF 4GB,29,12240,9572,NA
Hynix Semiconductor (Hyundai Electronics) HMA81GR7MFR8N-UH 8GB,37,10392,7845,NA
Hynix Semiconductor (Hyundai Electronics) HMA81GS6AFR8N-UH 8GB,27,13758,9836,NA
Hynix Semiconductor (Hyundai Electronics) HMA81GS6AFR8N-VK 8GB,25,15299,12701,NA
Hynix Semiconductor (Hyundai Electronics) HMA81GS6MFR8N-UH 8GB,26,14417,11922,NA
Hynix Semiconductor (Hyundai Electronics) HMA81GU6AFR8N-UH 8GB,24,16110,10975,NA
Hynix Semiconductor (Hyundai Electronics) HMA82GR7AFR8N-UH 16GB,35,10024,6993,NA
Hynix Semiconductor (Hyundai Electronics) HMA82GR7MFR4N-UH 16GB,40,9054,6859,NA
Hynix Semiconductor (Hyundai Electronics) HMA82GR7MFR8N-UH 16GB,35,10291,8009,NA
Hynix Semiconductor (Hyundai Electronics) HMA82GS6AFR8N-UH 16GB,28,13850,9909,NA
Hynix Semiconductor (Hyundai Electronics) HMA82GS6CJR8N-VK 16GB,44,9979,6284,NA
Hynix Semiconductor (Hyundai Electronics) HMA82GS6MFR8N-TF 16GB,29,13649,9858,NA
Hynix Semiconductor (Hyundai Electronics) HMA82GU6AFR8N-UH 16GB,27,15221,10193,NA
Hynix Semiconductor (Hyundai Electronics) HMA82GU6MFR8N-TF 16GB,25,14757,8859,NA
Hynix Semiconductor (Hyundai Electronics) HMA84GL7MMR4N-TF 32GB,41,8895,7705,NA
Hynix Semiconductor (Hyundai Electronics) HMA84GR7MFR4N-TF 32GB,35,10508,8096,NA
Hynix Semiconductor (Hyundai Electronics) HMA84GR7MFR4N-UH 32GB,39,9361,6898,NA
Hynix Semiconductor (Hyundai Electronics) HMA851S6AFR6N-UH 4GB,30,13579,10504,NA
Hyundai Inc AR32C16S8K2SU416R 8GB,20,19676,14804,NA
InnoDisk Corporation 16GB,38,7708,8159,NA
INTENSO 5641160 8GB,23,16081,10196,NA
INTENSO M418039 8GB,20,15974,7419,NA
ISD Technology Limited IM44GU48A30-GIIHM 4GB,23,14877,9289,NA
ISD Technology Limited IM48GU48N21-FFFHM 8GB,25,15611,11788,NA
King Tiger Technology Tigo-2400MHz-8G 8GB,23,16116,9846,NA
Kingmax Semiconductor GLLG42F-DA---------- 8GB,23,16250,9631,NA
Kingston 9905598-006.A00G 8GB,28,13166,10581,NA
Kingston 9905598-009.A00G 8GB,28,13346,10328,NA
Kingston 9905598-019.A00G 16GB,23,14197,7223,NA
Kingston 9905598-025.A00G 8GB,25,13395,6821,NA
Kingston 9905598-044.A00G 16GB,23,15856,8919,NA
Kingston 9905599-020.A00G 8GB,25,14314,9184,NA
Kingston 9905599-025.A00G 8GB,24,15558,11512,NA
Kingston 9905599-026.A00G 8GB,23,15499,10456,NA
Kingston 9905622-024.A00G 4GB,25,14719,11057,NA
Kingston 9905622-025.A00G 4GB,29,12266,9839,NA
Kingston 9905622-025.A01G 4GB,25,15004,11068,NA
Kingston 9905622-051.A00G 8GB,23,16571,11688,NA
Kingston 9905622-055.A00G 4GB,24,14482,9548,NA
Kingston 9905622-057.A00G 4GB,24,15606,11099,NA
Kingston 9905622-058.A00G 8GB,24,14718,9397,NA
Kingston 9905622-075.A00G 8GB,25,12479,5574,NA
Kingston 9905624-007.A00G 8GB,24,13822,6664,NA
Kingston 9905624-008.A00G 8GB,27,14271,10135,NA
Kingston 9905624-009.A00G 8GB,27,14102,10815,NA
Kingston 9905624-010.A00G 4GB,28,14591,10713,NA
Kingston 9905624-013.A00G 8GB,25,15901,11739,NA
Kingston 9905624-014.A00G 4GB,23,16232,13343,NA
Kingston 9905624-033.A00G 8GB,25,15058,11441,NA
Kingston 9905624-036.A00G 8GB,29,14662,9405,NA
Kingston 9905625-011.A00G 8GB,24,15934,12353,NA
Kingston 9905625-029.A00G 8GB,24,15063,10318,NA
Kingston 9905625-030.A00G 8GB,25,14860,10289,NA
Kingston 9905625-036.A00G 16GB,24,16529,12343,NA
Kingston 9905625-062.A00G 8GB,25,15222,10703,NA
Kingston 9905625-065.A00G 16GB,25,15523,10319,NA
Kingston 9905625-066.A00G 16GB,25,14818,9325,NA
Kingston 9905625-074.A00G 16GB,30,12061,7031,NA
Kingston 9905625-075.A00G 16GB,25,15605,9933,NA
Kingston 9905625-076.A00G 8GB,24,15737,11127,NA
Kingston 9905625-097.A00G 16GB,32,16999,11100,NA
Kingston 9905625-098.A00G 16GB,27,15338,9771,NA
Kingston 9905625-142.A00G 16GB,28,14319,10981,NA
Kingston 9905625-152.A00G 16GB,26,17694,11504,NA
Kingston 9905630-005.A00G 8GB,24,15450,10572,NA
Kingston 9905630-007.A00G 8GB,27,14203,10096,NA
Kingston 9905630-025.A00G 8GB,24,15381,10081,NA
Kingston 9905630-030.A00G 16GB,29,14605,10180,NA
Kingston 9905630-031.A00G 16GB,25,15512,10316,NA
Kingston 9905630-051.A00G 16GB,28,16486,11899,NA
Kingston 9905633-017.A00G 8GB,27,13628,8971,NA
Kingston 9905663-005.A00G 16GB,29,15519,10009,NA
Kingston 9905663-007.A00G 16GB,28,14328,11188,NA
Kingston 9905663-008.A00G 16GB,30,13533,9852,NA
Kingston 9905663-012.A00G 16GB,24,14953,9103,NA
Kingston 9905663-021.A00G 16GB,32,13226,6914,NA
Kingston 9905664-010.A00G 4GB,25,13860,8988,NA
Kingston 9905665-009.A00G 4GB,27,16046,11094,NA
Kingston 9905665-023.A00G 4GB,26,14810,8602,NA
Kingston 9905668-001.A00G 8GB,27,13348,8073,NA
Kingston 9905668-002.A00G 8GB,29,13572,9400,NA
Kingston 9905678-005.A00G 8GB,28,12807,7653,NA
Kingston 9905678-006.A00G 4GB,26,14774,10870,NA
Kingston 9905678-007.A00G 8GB,23,16330,11964,NA
Kingston 9905678-012.A00G 8GB,24,15793,10238,NA
Kingston 9905678-014.A00G 4GB,23,16685,12384,NA
Kingston 9905678-023.A00G 8GB,25,14292,8763,NA
Kingston 9905678-024.A00G 4GB,23,15826,10813,NA
Kingston 9905678-026.A00G 8GB,23,16334,11383,NA
Kingston 9905678-027.A00G 8GB,24,14571,8123,NA
Kingston 9905678-028.A00G 8GB,24,15925,10943,NA
Kingston 9905678-029.A00G 8GB,25,12587,6929,NA
Kingston 9905678-033.A00G 4GB,23,16192,11345,NA
Kingston 9905678-041.A00G 4GB,26,15807,10928,NA
Kingston 9905678-042.A00G 8GB,23,16095,9960,NA
Kingston 9905678-043.A00G 8GB,24,15347,10420,NA
Kingston 9905678-065.A00G 8GB,27,13661,9168,NA
Kingston 9905678-102.A00G 8GB,25,14963,10532,NA
Kingston 9905678-105.A00G 8GB,23,16145,10869,NA
Kingston 9905678-138.A00G 8GB,23,16310,10891,NA
Kingston 9905678-139.A00G 8GB,27,13217,8150,NA
Kingston 9905678-156.A00G 8GB,27,16632,12753,NA
Kingston 9905701-008.A00G 16GB,26,15371,10247,NA
Kingston 9905701-017.A00G 16GB,23,17694,12768,NA
Kingston 9905701-020.A00G 16GB,29,15299,12157,NA
Kingston 9905702-006.A00G 8GB,23,14139,7472,NA
Kingston 9905702-007.A00G 8GB,25,18309,13663,NA
Kingston 9905702-010.A00G 8GB,25,16009,10340,NA
Kingston 9905702-012.A00G 8GB,33,9610,6436,NA
Kingston 9905702-017.A00G 8GB,28,13713,10711,NA
Kingston 9905702-027.A00G 8GB,23,17682,13056,NA
Kingston 9905703-008.A00G 16GB,26,15876,11320,NA
Kingston 9905703-011.A00G 16GB,28,15488,10386,NA
Kingston 9932291-002.A00G 4GB,23,15519,8817,NA
Kingston 9932301-P01.A00G 4GB,20,19865,14225,NA
Kingston 9965589-005.A01G 8GB,40,12479,9123,NA
Kingston 9965589-006.E00G 8GB,35,10050,6504,NA
Kingston 9965589-007.D01G 8GB,35,9136,7623,NA
Kingston 9965589-008.D01G 8GB,37,9848,7411,NA
Kingston 9965589-008.D02G 8GB,36,9725,7294,NA
Kingston 9965589-013.A00G 8GB,34,9999,8612,NA
Kingston 9965589-024.D01G 16GB,33,10315,7869,NA
Kingston 9965589-031.D01G 2GB,33,10667,8113,NA
Kingston 9965589-033.D00G 8GB,30,11604,8089,NA
Kingston 9965589-035.D00G 16GB,36,10043,5974,NA
Kingston 9965596-016.B01G 8GB,35,9450,6076,NA
Kingston 9965596-029.B00G 4GB,35,9590,7334,NA
Kingston 9965596-031.B00G 8GB,31,10873,7890,NA
Kingston 9965596-035.B00G 4GB,38,7600,7708,NA
Kingston 9965600-011.A01G 16GB,29,12277,8079,NA
Kingston 9965600-012.A01G 16GB,36,10303,7970,NA
Kingston 9965600-012.A02G 16GB,37,9809,7214,NA
Kingston 9965600-018.A00G 16GB,32,10357,8940,NA
Kingston 9965600-023.A00G 16GB,36,9827,8401,NA
Kingston 9965600-027.A01G 16GB,34,10805,8522,NA
Kingston 9965600-033.A00G 16GB,41,8945,6696,NA
Kingston 9965604-001.D00G 16GB,35,10524,7977,NA
Kingston 9965604-008.D00G 16GB,34,10665,7246,NA
Kingston 9965604-033.D00G 16GB,38,10079,7950,NA
Kingston 9965640-006.A01G 32GB,34,11234,7550,NA
Kingston 9965640-008.A01G 32GB,37,8711,7353,NA
Kingston 9965640-013.A01G 32GB,34,10059,7406,NA
Kingston 9965640-015.A00G 32GB,34,9485,8905,NA
Kingston 9965640-016.A00G 32GB,42,8275,5809,NA
Kingston 9965662-004.A00G 16GB,31,12121,8505,NA
Kingston 9965662-008.A01G 16GB,32,10346,7933,NA
Kingston 9965662-009.A00G 16GB,37,9264,7239,NA
Kingston 9965662-010.A00G 16GB,32,11007,8631,NA
Kingston 9965662-013.A01G 16GB,40,9246,6368,NA
Kingston 9965667-001.A00G 16GB,39,10143,7685,NA
Kingston 9965669-008.A03G 16GB,27,14910,10526,NA
Kingston 9965669-009.A00G 8GB,33,10348,8274,NA
Kingston 9965669-017.A00G 16GB,23,17622,13236,NA
Kingston 9965669-025.A00G 8GB,23,15756,9488,NA
Kingston 9965684-005.A00G 8GB,28,13644,7672,NA
Kingston 99U5624-001.A00G 8GB,32,14889,9457,NA
Kingston 99U5643-001.A00G 8GB,22,17717,13469,NA
Kingston ACR21D4S15HAG/8G 8GB,26,13602,10693,NA
Kingston ACR24D4S7D8MB-16 16GB,26,15391,10979,NA
Kingston ACR24D4S7S1MB-4 4GB,26,14503,10278,NA
Kingston ACR24D4S7S8MB-8 8GB,27,14187,10374,NA
Kingston ACR24D4U7S8MB-8 8GB,25,15661,10815,NA
Kingston ACR26D4S9D8MD-16 16GB,25,15348,10208,NA
Kingston ACR26D4S9S8ME-8 8GB,23,15918,11139,NA
Kingston ACR26D4S9S8MH-8 8GB,25,15457,11293,NA
Kingston ACR26D4U9D8MH-16 16GB,24,16523,10170,NA
Kingston ACR26D4U9S8ME-8 8GB,22,16557,9146,NA
Kingston ACR26D4U9S8MH-8 8GB,27,15880,12228,NA
Kingston ASU21D4U5S8MB-8 8GB,24,15567,11195,NA
Kingston CBD24D4S7D8MA-16 16GB,24,15321,7963,NA
Kingston CBD24D4S7D8MB-16 16GB,26,14131,7351,NA
Kingston CBD24D4S7S8MB-8 8GB,25,14545,9884,NA
Kingston CBD24D4U7S8MA-8 8GB,30,13972,10549,NA
Kingston CBD26D4S9D8ME-16 16GB,23,16081,8721,NA
Kingston CBD26D4U9S8MH-8 8GB,22,17550,12926,NA
Kingston HP24D4S7S8MBP-8 8GB,26,14773,9768,$74.99
Kingston HP24D4U7S8MBP-8 8GB,24,15813,10886,NA
Kingston HP24D4U7S8MD-8 8GB,31,14854,10697,NA
Kingston HP24D4U7S8MH-8 8GB,23,16345,11454,NA
Kingston HP26D4S9S8MD-8 8GB,29,13858,6632,NA
Kingston HP26D4S9S8ME-8 8GB,26,15450,12019,NA
Kingston HP26D4S9S8MH-8 8GB,25,15078,10389,$69.99
Kingston HP26D4S9S8MHF-8 8GB,27,14358,9417,NA
Kingston HP26D4U6D8ME-16X 16GB,21,16746,8646,NA
Kingston HP26D4U9S8ME-8 8GB,23,15338,8706,NA
Kingston HP26D4U9S8ME-8X 8GB,22,18496,14790,NA
Kingston HP28D4S7D8HA-16X 16GB,24,16020,13302,NA
Kingston K821PJ-MIB 16GB,27,14278,9116,NA
Kingston K821PJ-MID 16GB,29,14075,9461,NA
Kingston K821PJ-MIH 16GB,29,14507,9673,NA
Kingston KCRXJ6-MIE 16GB,26,16622,13597,NA
Kingston KHX2133C13D4/4GX 4GB,25,15175,11059,NA
Kingston KHX2133C13D4/8GX 8GB,24,15340,10382,NA
Kingston KHX2133C13S4/16G 16GB,26,15152,11202,NA
Kingston KHX2133C13S4/4G 4GB,27,14338,11505,NA
Kingston KHX2133C13S4/8G 8GB,26,14950,10874,NA
Kingston KHX2133C14/16G 16GB,25,15025,9713,NA
Kingston KHX2133C14/8G 8GB,24,15347,10069,NA
Kingston KHX2133C14D4/4G 4GB,24,15720,11279,NA
Kingston KHX2133C14D4/8G 8GB,24,15651,11087,NA
Kingston KHX2133C14S4/16G 16GB,26,13916,9059,NA
Kingston KHX2133C14S4/8G 8GB,26,16085,11804,NA
Kingston KHX2133C15S4/8G 8GB,27,15161,11550,NA
Kingston KHX2400C12D4/16GX 16GB,23,14257,7217,NA
Kingston KHX2400C12D4/4GX 4GB,25,14792,11266,NA
Kingston KHX2400C12D4/8GX 8GB,22,16933,12145,NA
Kingston KHX2400C14D4/16G 16GB,25,15754,11601,NA
Kingston KHX2400C14S4/16G 16GB,25,15762,11526,NA
Kingston KHX2400C14S4/4G 4GB,26,16569,13318,NA
Kingston KHX2400C14S4/8G 8GB,24,16481,12764,NA
Kingston KHX2400C15/16G 16GB,24,15941,10959,NA
Kingston KHX2400C15/8G 8GB,23,16302,11134,NA
Kingston KHX2400C15D4/4G 4GB,22,16827,12431,NA
Kingston KHX2400C15D4/8G 8GB,23,16465,12260,NA
Kingston KHX2400C15S4/16G 16GB,24,16749,13339,NA
Kingston KHX2400C15S4/8G 8GB,24,15302,13112,NA
Kingston KHX2666C13/16GX 16GB,23,17229,12798,NA
Kingston KHX2666C13/8GX 8GB,20,18362,13489,NA
Kingston KHX2666C13D4/4GX 4GB,24,15419,11936,NA
Kingston KHX2666C13D4/8GX 8GB,22,17115,12809,NA
Kingston KHX2666C15/16GX 16GB,26,15339,11030,NA
Kingston KHX2666C15D4/4G 4GB,22,17129,13001,NA
Kingston KHX2666C15D4/8G 8GB,22,17111,12673,NA
Kingston KHX2666C15S4/16G 16GB,24,16534,11991,NA
Kingston KHX2666C15S4/8G 8GB,22,16538,12493,NA
Kingston KHX2666C16/16G 16GB,22,17480,12921,NA
Kingston KHX2666C16/8G 8GB,22,17632,12777,NA
Kingston KHX2800C14D4/4GX 4GB,24,15217,11677,NA
Kingston KHX2800C14D4/8GX 8GB,23,16876,12606,NA
Kingston KHX2933C15D4/8GX 8GB,21,18645,14009,NA
Kingston KHX2933C17D4/8G 8GB,21,18907,14295,NA
Kingston KHX3000C15/16GX 16GB,23,17461,13310,NA
Kingston KHX3000C15D4/4GX 4GB,25,15026,11814,NA
Kingston KHX3000C15D4/8GX 8GB,22,16930,12084,NA
Kingston KHX3000C16/16GX 16GB,25,15427,11343,NA
Kingston KHX3200C16D4/4GX 4GB,21,18049,13728,NA
Kingston KHX3200C16D4/8GX 8GB,21,18555,13802,NA
Kingston KHX3200C18D4/16G 16GB,21,18856,15252,NA
Kingston KHX3200C18D4/8G 8GB,20,19383,14945,NA
Kingston KHX3200C20S4/16GX 16GB,23,18388,14659,NA
Kingston KHX3200C20S4/8G 8GB,22,17331,13271,NA
Kingston KHX3333C16D4/8GX 8GB,20,18713,14024,NA
Kingston KHX3466C19D4/16G 16GB,22,18725,14745,NA
Kingston KHX3466C19D4/8G 8GB,22,17477,13201,NA
Kingston KHX3600C17D4/16GX 16GB,19,20770,17467,NA
Kingston KHX3600C17D4/8GX 8GB,20,19577,15455,NA
Kingston KHX4000C19D4/8GX 8GB,18,20275,16109,NA
Kingston KHYXPX-MIE 8GB,27,16215,9623,NA
Kingston KKN2NM-MIE 4GB,29,15088,11815,NA
Kingston KM0VW4-MID 8GB,27,15854,10720,NA
Kingston KMKYF9-MIB 8GB,25,14866,10733,NA
Kingston KMKYF9-MID 8GB,27,14130,10137,NA
Kingston KMKYF9-MIH 8GB,28,13910,9490,NA
Kingston KTD3KX-HYA 8GB,42,7363,6280,NA
Kingston KY7N41-MIE 8GB,27,16981,12741,NA
Kingston KYXC0V-MIB 16GB,27,15939,10059,NA
Kingston KYXC0V-MID 16GB,25,16497,10688,NA
Kingston KYXC0V-MIH 16GB,26,15369,8671,NA
Kingston MSI21D4S15HAG/8G 8GB,28,13189,10047,NA
Kingston MSI24D4S7D8MB-16 16GB,26,14743,10083,NA
Kingston MSI24D4S7D8MB-8 8GB,25,15300,11877,NA
Kingston MSI24D4S7D8MH-16 16GB,26,14266,8225,NA
Kingston MSI24D4S7S7MH-16 16GB,25,13396,7311,NA
Kingston MSI24D4S7S8MB-8 8GB,25,14615,11028,NA
Kingston MSI24D4U7D8MD-16 16GB,23,16642,10851,NA
Kingston MSI24D4U7S8MB-8 8GB,23,16060,11239,NA
Kingston MSI24D4U7S8MH-8 8GB,23,16971,11832,NA
Kingston MSI26D4S9S8ME-8 8GB,26,16535,11251,NA
Kingston X3XCFP-HYA 8GB,22,17826,13450,NA
Kingston X5H5PW-MIB 8GB,24,16467,11934,NA
Kingston XF875V-HYA 8GB,22,17755,14342,NA
Kingston XF875V-MIH 8GB,25,15734,12514,NA
Kingston XJ69DF-HYA 8GB,28,13798,12832,NA
Kingston XRGM6C-MIB 16GB,24,16668,11044,NA
Kingston XRMWRN-HYA 16GB,23,17380,11257,NA
Kingston XRMWRN-MIE 16GB,24,16014,12967,NA
Micron Technology 16ATF1G64AZ-2G1A1 8GB,30,12378,9616,NA
Micron Technology 16ATF1G64AZ-2G1A2 8GB,26,15616,11539,NA
Micron Technology 16ATF1G64AZ-2G1B1 8GB,26,15556,11195,NA
Micron Technology 16ATF1G64AZ-2G3A2 8GB,24,15037,9168,NA
Micron Technology 16ATF1G64HZ-2G1A2 8GB,28,13987,10708,NA
Micron Technology 16ATF1G64HZ-2G1B1 8GB,28,14169,10749,NA
Micron Technology 16ATF2G64AZ-2G1A1 16GB,26,14828,10760,NA
Micron Technology 16ATF2G64AZ-2G1B1 16GB,24,14173,8097,NA
Micron Technology 16ATF2G64AZ-2G3A1 16GB,26,13458,7918,NA
Micron Technology 16ATF2G64AZ-2G3B1 16GB,25,16355,11060,NA
Micron Technology 16ATF2G64AZ-2G3E1 16GB,29,16899,11893,NA
Micron Technology 16ATF2G64AZ-2G3H1 16GB,28,14438,8649,NA
Micron Technology 16ATF2G64AZ-2G6B1 16GB,22,18299,13784,NA
Micron Technology 16ATF2G64AZ-2G6E1 16GB,26,17424,13550,NA
Micron Technology 16ATF2G64AZ-2G6H1 16GB,25,17659,14306,NA
Micron Technology 16ATF2G64HZ-2G1A1 16GB,29,14067,10688,NA
Micron Technology 16ATF2G64HZ-2G1B1 16GB,29,13197,9431,NA
Micron Technology 16ATF2G64HZ-2G3A1 16GB,28,14977,12373,NA
Micron Technology 16ATF2G64HZ-2G3B1 16GB,28,14073,9396,NA
Micron Technology 16ATF2G64HZ-2G3B2 16GB,24,16443,12280,NA
Micron Technology 16ATF2G64HZ-2G3E1 16GB,26,14930,10573,NA
Micron Technology 16ATF2G64HZ-2G3H1 16GB,27,15010,10083,NA
Micron Technology 16ATF2G64HZ-2G6E1 16GB,26,16392,11651,NA
Micron Technology 16ATF2G64HZ-2G6H1 16GB,26,15338,11644,NA
Micron Technology 18ADF1G72PZ-2G1A1 8GB,32,9244,6848,NA
Micron Technology 18ASF1G72AZ-2G1A1 8GB,23,17194,13052,NA
Micron Technology 18ASF1G72AZ-2G1B1 8GB,33,9583,8602,NA
Micron Technology 18ASF1G72PDZ-2G1A1 8GB,35,9118,7681,NA
Micron Technology 18ASF1G72PDZ-2G1B1 8GB,36,11177,8358,NA
Micron Technology 18ASF1G72PDZ-2G3A2 8GB,35,9459,7074,NA
Micron Technology 18ASF1G72PZ-2G1A2 8GB,36,9590,8173,NA
Micron Technology 18ASF1G72PZ-2G1B1 8GB,31,11215,8782,NA
Micron Technology 18ASF2G72AZ-2G1A1 16GB,31,11659,7697,NA
Micron Technology 18ASF2G72AZ-2G3B1 16GB,23,15525,8795,NA
Micron Technology 18ASF2G72PDZ-2G3B1 16GB,42,8784,7024,NA
Micron Technology 18ASF2G72PZ-2G3B1 16GB,39,9014,6644,NA
Micron Technology 36ADS2G72PZ-2G1A1 16GB,84,6018,5322,NA
Micron Technology 36ASF2G72PZ-2G1A2 16GB,35,9721,8194,NA
Micron Technology 36ASF2G72PZ-2G1B1 16GB,37,9314,7604,NA
Micron Technology 36ASF2G72PZ-2G3A3 16GB,37,9865,7880,NA
Micron Technology 36ASF2G72PZ-2G3B1 16GB,35,10626,7711,NA
Micron Technology 36ASF2G72PZ-2G4AT 16GB,36,9812,7199,NA
Micron Technology 36ASF4G72PZ-2G1A1 32GB,37,9553,7802,NA
Micron Technology 36ASF4G72PZ-2G1B1 32GB,32,11118,6883,NA
Micron Technology 36ASF4G72PZ-2G3A1 32GB,38,8991,7137,NA
Micron Technology 36ASF4G72PZ-2G3B1 32GB,37,9857,7124,NA
Micron Technology 4ATF51264AZ-2G3B1 4GB,26,15426,10413,NA
Micron Technology 4ATF51264AZ-2G3E1 4GB,26,16875,12414,NA
Micron Technology 4ATF51264AZ-2G6E1 4GB,27,15294,8814,NA
Micron Technology 4ATF51264HZ-2G3B1 4GB,30,14213,10529,NA
Micron Technology 4ATF51264HZ-2G3B2 4GB,24,15823,11720,NA
Micron Technology 4ATF51264HZ-2G3E2 4GB,24,16059,11977,NA
Micron Technology 4ATF51264HZ-2G6E1 4GB,26,16662,11355,NA
Micron Technology 72ASS4G72LZ-2G1A1 32GB,45,8110,6725,NA
Micron Technology 72ASS8G72LZ-2G3B2 64GB,38,9262,6592,NA
Micron Technology 8ATF1G64AZ-2G1A1 8GB,25,14445,9133,NA
Micron Technology 8ATF1G64AZ-2G1B1 8GB,24,15090,10094,NA
Micron Technology 8ATF1G64AZ-2G3A1 8GB,26,14312,10121,NA
Micron Technology 8ATF1G64AZ-2G3B1 8GB,25,16062,11219,NA
Micron Technology 8ATF1G64AZ-2G3E1 8GB,27,16304,11292,NA
Micron Technology 8ATF1G64AZ-2G3H1 8GB,26,16046,10977,NA
Micron Technology 8ATF1G64AZ-2G3H1R 8GB,28,17809,13410,NA
Micron Technology 8ATF1G64AZ-2G6B1 8GB,21,19132,14510,NA
Micron Technology 8ATF1G64AZ-2G6E1 8GB,25,17380,12847,NA
Micron Technology 8ATF1G64AZ-2G6H1 8GB,25,17268,13154,NA
Micron Technology 8ATF1G64HZ-2G1A1 8GB,28,14216,10799,NA
Micron Technology 8ATF1G64HZ-2G3A1 8GB,29,13411,9539,NA
Micron Technology 8ATF1G64HZ-2G3B1 8GB,27,14458,10329,NA
Micron Technology 8ATF1G64HZ-2G3B2 8GB,22,17731,12997,NA
Micron Technology 8ATF1G64HZ-2G3E1 8GB,27,14311,9567,NA
Micron Technology 8ATF1G64HZ-2G3E2 8GB,27,15226,11706,NA
Micron Technology 8ATF1G64HZ-2G3H1 8GB,26,14927,11026,NA
Micron Technology 8ATF1G64HZ-2G6B1 8GB,25,15314,12172,NA
Micron Technology 8ATF1G64HZ-2G6D1 8GB,28,17058,12931,NA
Micron Technology 8ATF1G64HZ-2G6E1 8GB,26,16263,11672,NA
Micron Technology 8ATF1G64HZ-2G6H1 8GB,26,15287,11374,NA
Micron Technology 8ATF51264AZ-2G1A1 4GB,29,12415,9628,NA
Micron Technology 8ATF51264AZ-2G1A2 4GB,26,15657,11299,NA
Micron Technology 8ATF51264AZ-2G1AY 4GB,28,13788,8700,NA
Micron Technology 8ATF51264AZ-2G1B1 4GB,26,15520,11013,NA
Micron Technology 8ATF51264HZ-2G1A2 4GB,27,14175,10592,NA
Micron Technology 8ATF51264HZ-2G1B1 4GB,29,13519,9901,NA
Micron Technology 9ASF1G72PZ-2G3A1 8GB,37,10093,7389,NA
Micron Technology 9ASF1G72PZ-2G3B1 8GB,35,10703,7784,NA
Micron Technology 9ASF51272PZ-2G1A2 4GB,35,9608,7751,NA
Micron Technology 9ASF51272PZ-2G1B1 4GB,34,9731,8463,NA
Micron Technology 9ASF51272PZ-2G3B1 4GB,41,9547,7091,NA
Micron Technology AFSD416ES1P 16GB,25,16618,12717,NA
Micron Technology CT4G4DFS8213.8FA11 4GB,26,14422,10619,NA
Micron Technology CT8G4DFD8213.16FA11 8GB,28,12021,9108,NA
Micron Technology TEAMGROUP-UD4-2400 16GB,22,15914,8909,NA
Micron Technology TEAMGROUP-UD4-3000 16GB,23,16793,11527,NA
Mushkin 99[2/7/4]189F 4GB,26,14296,11204,NA
Mushkin 99[2/7/4]190F 4GB,26,14059,10657,$49.92*
Mushkin 99[2/7/4]191[F/T] 4GB,26,14465,10118,$46.99*
Mushkin 99[2/7/4]191F 4GB,27,13888,10870,$119.89*
Mushkin 99[2/7/4]197F 8GB,27,12770,10971,$88.32*
Mushkin 99[2/7/4]198F 8GB,26,12608,8708,$229.99*
Mushkin 99[2/7/4]199[F/T] 8GB,23,16009,11348,$89.99*
Mushkin 99[2/7/4]199F 8GB,27,12681,10537,$82.99*
Mushkin 99[2/7/4]200[F/T] 8GB,29,12652,6253,$101.51*
Mushkin 99[2/7/4]200F 8GB,26,13739,10294,$86.99*
Mushkin 99[2/7/4]204F 4GB,25,13432,11476,$36.97*
Mushkin 99[2/7/4]205[F/T] 8GB,20,18840,12683,$88.99*
Mushkin 99[2/7/4]205F 8GB,26,13536,11260,$229.99*
Mushkin 99[2/7/4]209F 8GB,28,13404,10318,$110.04*
Mushkin MB[A/B]4U240FFFF16G 16GB,29,13917,10371,$239.99*
Mushkin MES4S213FF16G28 16GB,26,13923,11574,$98.87
Mushkin MR[A/B]280HHHH16G 16GB,22,18396,14449,NA
Mushkin MR[A/B]4U266GHHF16G 16GB,23,17967,13114,NA
Mushkin MR[A/B]4U266GHHF8G 8GB,22,17845,13250,$281.39*
Mushkin MR[A/B]4U300JJJM16G 16GB,22,18182,14034,$214.99*
Mushkin MR[A/B]4U300JJJM8G 8GB,25,15976,11645,NA
Mushkin MR[A/B]4U320LLLM8G 8GB,22,18125,13523,NA
Panram International Corporation PUD42133C158G2VS 8GB,24,16396,12252,NA
Panram International Corporation PUD42400C154G2NJK 4GB,26,13493,8330,NA
Panram International Corporation PUD43000C158G2NJK 8GB,19,19776,14997,NA
Panram International Corporation W4U2133PS-8G 8GB,24,15601,11257,NA
Panram International Corporation W4U2400PS-8G 8GB,23,16940,12495,NA
Patriot Memory (PDP Systems) 2133 C14 Series 8GB,24,15599,10428,NA
Patriot Memory (PDP Systems) 2400 C14 Series 8GB,22,17629,12695,NA
Patriot Memory (PDP Systems) 2400 C15 Series 4GB,25,15211,11125,NA
Patriot Memory (PDP Systems) 2400 C16 Series 16GB,23,16046,10074,NA
Patriot Memory (PDP Systems) 2666 C15 Series 4GB,25,15402,11646,NA
Patriot Memory (PDP Systems) 2666 C16 Series 8GB,23,16921,12269,NA
Patriot Memory (PDP Systems) 2666 C18 Series 16GB,26,15287,12436,NA
Patriot Memory (PDP Systems) 2800 C16 Series 8GB,25,15200,11225,NA
Patriot Memory (PDP Systems) 3000 C15 Series 8GB,19,19257,14026,NA
Patriot Memory (PDP Systems) 3000 C16 Series 4GB,24,16135,12253,NA
Patriot Memory (PDP Systems) 3200 C16 Series 8GB,22,17615,12959,NA
Patriot Memory (PDP Systems) 3400 C16 Series 8GB,21,17790,13067,NA
Patriot Memory (PDP Systems) 3600 C16 Series 8GB,20,19353,15193,NA
Patriot Memory (PDP Systems) 3600 C17 Series 4GB,22,18897,15382,NA
Patriot Memory (PDP Systems) 3733 C17 Series 8GB,20,19117,14387,NA
Patriot Memory (PDP Systems) 4133 C19 Series 8GB,21,17094,11245,NA
Patriot Memory (PDP Systems) PSD416G21332 16GB,27,14771,10261,$157.65
Patriot Memory (PDP Systems) PSD416G21332S 16GB,30,10313,9544,NA
Patriot Memory (PDP Systems) PSD416G24002 16GB,25,14463,7742,$97.99
Patriot Memory (PDP Systems) PSD416G24002S 16GB,31,14182,11948,NA
Patriot Memory (PDP Systems) PSD44G213381 4GB,24,15562,11719,$58.47*
Patriot Memory (PDP Systems) PSD44G213382 4GB,23,17446,13122,NA
Patriot Memory (PDP Systems) PSD44G240081 4GB,23,15943,11723,$82.12
Patriot Memory (PDP Systems) PSD44G240082 4GB,27,15043,10182,$27.99
Patriot Memory (PDP Systems) PSD48G21332 8GB,27,13941,10061,$64.99*
Patriot Memory (PDP Systems) PSD48G21332S 8GB,28,16051,12323,NA
Patriot Memory (PDP Systems) PSD48G213381 8GB,24,14547,8623,$102.36
Patriot Memory (PDP Systems) PSD48G213381S 8GB,32,11905,7833,NA
Patriot Memory (PDP Systems) PSD48G24002 8GB,24,15763,11536,$59.99*
Patriot Memory (PDP Systems) PSD48G240081 8GB,23,15664,10958,$102.42
Patriot Memory (PDP Systems) PSD48G240082 8GB,23,17274,11115,$159.99
Patriot Memory (PDP Systems) PSD48G266681 8GB,22,17924,13788,NA
"PNY Technologies, Inc. 4GBF1X04JEEEXX-12-K 4GB",24,16876,12219,NA
"PNY Technologies, Inc. 4GBF1X04LEEE35-12 4GB",21,17988,14030,NA
"PNY Technologies, Inc. 4GBF1X04LEEE35-12-K 4GB",24,15885,11973,NA
"PNY Technologies, Inc. 4GBF1X04MFFF36-12-K 4GB",24,15821,12298,NA
"PNY Technologies, Inc. 8GBF1X08JEEE36-12-K 8GB",23,16350,12052,NA
"PNY Technologies, Inc. 8GBF1X08QFHH36-135-K 8GB",20,18948,13915,NA
"PNY Technologies, Inc. 8GBF2X04HEEE35-12-K 8GB",24,16095,11273,NA
"PNY Technologies, Inc. 8GBF2X04HEEE36-12-K 8GB",25,15931,11673,NA
"PNY Technologies, Inc. 8GBF2X04JEEE35-12-K 8GB",24,16286,11930,NA
"PNY Technologies, Inc. 8GBF2X04JEEE36-12-K 8GB",23,16510,11592,NA
"PNY Technologies, Inc. 8GBF2X04JEEEXX-12-K 8GB",24,16705,12959,NA
Ramaxel Technology RMSA3260MB78HAF2400 8GB,30,13164,9151,NA
Ramaxel Technology RMSA3260MD78HAF-2666 8GB,26,15750,9448,NA
Ramaxel Technology RMSA3260ME78HAF-2666 8GB,26,15544,10145,NA
Ramaxel Technology RMSA3260MH78HAF-2666 8GB,24,14237,9675,NA
Ramaxel Technology RMSA3270MB86H9F2400 4GB,26,13999,10258,NA
Ramaxel Technology RMSA3300ME78HBF-2666 16GB,24,16308,8645,NA
Ramaxel Technology RMSA3300MH78HBF-2666 16GB,24,15876,11507,NA
Ramaxel Technology RMUA5090KB78HAF2133 8GB,26,14140,8383,NA
Ramaxel Technology RMUA5090KE68H9F2133 4GB,26,15502,10943,NA
Ramaxel Technology RMUA5110MB78HAF-2400 8GB,28,15696,11499,NA
Ramaxel Technology RMUA5110MB78HAF2400 8GB,31,13583,8956,NA
Ramaxel Technology RMUA5110ME78HAF-2666 8GB,22,16961,11794,NA
Ramaxel Technology RMUA5110MH78HAF-2666 8GB,27,14842,7498,NA
Ramaxel Technology RMUA5180MH78HBF-2666 16GB,28,14630,7297,NA
Samsung M378A1G43DB0-CPB 8GB,27,15003,10987,$157.95
Samsung M378A1G43EB1-CPB 8GB,26,15046,10529,NA
Samsung M378A1G43EB1-CRC 8GB,22,15969,10701,NA
Samsung M378A1K43BB1-CPB 8GB,26,15285,10330,$63.00
Samsung M378A1K43BB1-CRC 8GB,22,15871,9454,NA
Samsung M378A1K43BB2-CRC 8GB,26,15767,10289,NA
Samsung M378A1K43BB2-CTD 8GB,21,17925,13800,NA
Samsung M378A1K43CB2-CRC 8GB,24,16269,11288,NA
Samsung M378A1K43CB2-CTD 8GB,25,16830,12621,$85.00
Samsung M378A1K43DB2-CTD 8GB,24,16536,10711,NA
Samsung M378A2K43BB1-CPB 16GB,25,15028,9806,$147.99
Samsung M378A2K43BB1-CRC 16GB,27,14473,9728,$147.51
Samsung M378A2K43CB1-CRC 16GB,25,16053,9988,NA
Samsung M378A2K43CB1-CTD 16GB,28,16067,12771,$141.68
Samsung M378A5143DB0-CPB 4GB,28,13125,9578,$37.00*
Samsung M378A5143EB1-CPB 4GB,25,15614,10834,NA
Samsung M378A5244BB0-CRC 4GB,28,15985,11271,NA
Samsung M378A5244CB0-CRC 4GB,27,14865,9769,$24.52
Samsung M378A5244CB0-CTD 4GB,25,16559,12356,$27.00
Samsung M386A4G40DM0-CPB 32GB,38,9206,7414,$297.18
Samsung M386A8K40BM1-CRC 64GB,34,10372,7516,$769.99
Samsung M391A1G43DB0-CPB 8GB,31,11728,6757,$99.99*
Samsung M391A2K43BB1-CPB 16GB,25,15749,9187,$119.99*
Samsung M391A2K43BB1-CRC 16GB,22,18995,14992,NA
Samsung M393A1G40DB0-CPB 8GB,35,9810,7943,$114.33
Samsung M393A1G40DB1-CRC 8GB,34,10156,7141,$62.99*
Samsung M393A1G40EB1-CPB 8GB,33,10413,8631,NA
Samsung M393A1G40EB1-CRC 8GB,33,10813,7076,NA
Samsung M393A1G43DB0-CPB 8GB,36,9298,8362,$89.99
Samsung M393A1G43DB1-CRC 8GB,32,10848,8507,NA
Samsung M393A1G43EB1-CRC 8GB,34,10948,7414,NA
Samsung M393A1K43BB0-CRC 8GB,34,10833,9168,NA
Samsung M393A1K43BB1-CTD 8GB,61,8185,6373,NA
Samsung M393A2G40DB0-CPB 16GB,35,9892,8172,$129.54
Samsung M393A2G40DB1-CRC 16GB,35,10806,7422,$169.99*
Samsung M393A2G40EB1-CPB 16GB,37,9463,7998,NA
Samsung M393A2G40EB1-CRC 16GB,32,10362,7696,NA
Samsung M393A2G40EB2-CTD 16GB,44,8469,5615,$198.60
Samsung M393A2K40BB0-CPB 16GB,46,5870,4672,$125.00
Samsung M393A2K40BB1-CRC 16GB,34,10400,7625,$104.28*
Samsung M393A2K43BB1-CRC 16GB,38,9672,7269,$114.99*
Samsung M393A2K43CB1-CRC 16GB,33,11009,8016,NA
Samsung M393A4K40BB0-CPB 32GB,35,9560,7532,$314.96
Samsung M393A4K40BB1-CRC 32GB,36,10218,7473,$308.89
Samsung M393A4K40CB1-CRC 32GB,41,8029,6363,NA
Samsung M393A5143DB0-CPB 4GB,35,9715,8867,$62.23
Samsung M393A5143DB0-CRC 4GB,36,9431,7065,NA
Samsung M471A1G43DB0-CPB 8GB,28,13798,10053,$69.00
Samsung M471A1G43EB1-CPB 8GB,27,13895,9889,NA
Samsung M471A1G43EB1-CRC 8GB,24,15277,10431,NA
Samsung M471A1K43BB0-CPB 8GB,27,13456,8908,$55.00
Samsung M471A1K43BB1-CRC 8GB,26,14640,9930,$85.52
Samsung M471A1K43BB1-CTD 8GB,26,15777,12840,NA
Samsung M471A1K43CB1-CRC 8GB,26,14399,9776,$69.99
Samsung M471A1K43CB1-CTD 8GB,26,16308,11261,$65.24
Samsung M471A1K43CBCBCRC 8GB,38,9331,6075,NA
Samsung M471A1K43DB1-CTD 8GB,24,15641,11181,NA
Samsung M471A2K43BB1-CPB 16GB,28,13560,9051,$164.99
Samsung M471A2K43BB1-CRC 16GB,27,14630,9225,NA
Samsung M471A2K43CB1-CRC 16GB,27,14491,8891,$129.99
Samsung M471A2K43CB1-CTD 16GB,26,16299,10641,$89.75
Samsung M471A2K43DB1-CTD 16GB,26,15747,11132,NA
Samsung M471A4G43MB1-CTD 32GB,27,16308,10107,NA
Samsung M471A5143DB0-CPB 4GB,27,14153,10283,$43.75*
Samsung M471A5143EB0-CPB 4GB,28,14331,10171,$26.77*
Samsung M471A5143SB1-CRC 4GB,24,14798,9921,NA
Samsung M471A5244BB0-CRC 4GB,25,16091,11886,NA
Samsung M471A5244CB0-CRC 4GB,28,14490,10437,$29.00
Samsung M471A5244CB0-CTD 4GB,24,16821,11934,$44.00
Samsung M471A5644EB0-CPB 2GB,28,13162,9085,NA
Samsung M474A2K43BB1-CPB 16GB,28,14324,8621,NA
Samsung SF4641G8CKHI6DFSDS 8GB,28,15281,11570,NA
Samsung V-GeN D4S8GL30A8TX5 8GB,23,16809,11665,NA
SanMax Technologies Inc. SMD4-U8G48HA-24RF 8GB,24,16741,12057,NA
Shanghai Kuxin Microelectronics Ltd NMUD480E82-3200 8GB,18,20626,16532,NA
Silicon Power Computer & Communications SP004GBLFU213N02 4GB,24,13409,7524,NA
Silicon Power Computer & Communications SP008GBLFU213B02 8GB,23,13459,6748,NA
Silicon Power Computer & Communications SP008GBLFU213N02 8GB,26,13875,8335,NA
SK Hynix GKE160SO102408-2400 16GB,25,16148,12071,NA
SK Hynix GKE800SO102408-2400 8GB,24,15407,11179,NA
SK Hynix GKE800SO51208-2133AH 8GB,26,13958,8418,NA
SK Hynix GKE800UD102408-2400 8GB,22,16730,12380,NA
SK Hynix HMA41GR7AFR4N-TF 8GB,32,10878,7452,NA
SK Hynix HMA41GR7AFR4N-UH 8GB,37,10245,7192,NA
SK Hynix HMA41GR7AFR8N-TF 8GB,39,9437,7976,NA
SK Hynix HMA41GR7AFR8N-UH 8GB,34,9830,6921,NA
SK Hynix HMA41GR7MFR4N-TF 8GB,35,9328,6985,NA
SK Hynix HMA41GR7MFR8N-TF 8GB,38,9329,8041,NA
SK Hynix HMA41GS6AFR8N-TF 8GB,28,14068,10354,NA
SK Hynix HMA41GU6AFR8N-TF 8GB,26,15597,11059,NA
SK Hynix HMA41GU6MFR8N-TF 8GB,28,12962,10356,NA
SK Hynix HMA41GU7AFR8N-TF 8GB,25,14695,9449,NA
SK Hynix HMA42GR7AFR4N-TF 16GB,35,9769,7629,NA
SK Hynix HMA42GR7AFR4N-UH 16GB,30,11559,8004,NA
SK Hynix HMA42GR7MFR4N-TF 16GB,35,9622,8183,NA
SK Hynix HMA451R7AFR8N-TF 4GB,31,9634,8939,NA
SK Hynix HMA451R7AFR8N-UH 4GB,42,8990,6525,NA
SK Hynix HMA451R7MFR8N-TF 4GB,40,9477,8004,NA
SK Hynix HMA451R7MFR8N-TFTD 4GB,40,9349,7347,NA
SK Hynix HMA451S6AFR8N-TF 4GB,27,14141,10387,NA
SK Hynix HMA451U6AFR8N-TF 4GB,26,15272,11098,NA
SK Hynix HMA451U6MFR8N-TF 4GB,29,12422,9747,NA
SK Hynix HMA451U7AFR8N-TF 4GB,23,17338,12469,NA
SK Hynix HMA451U7MFR8N-TF 4GB,30,11908,9580,NA
SK Hynix HMA81GR7AFR8N-UH 8GB,39,9362,6950,NA
SK Hynix HMA81GR7MFR8N-UH 8GB,38,9283,7148,NA
SK Hynix HMA81GS6AFR8N-UH 8GB,26,14512,10382,NA
SK Hynix HMA81GS6AFR8N-VK 8GB,25,15873,12313,NA
SK Hynix HMA81GS6CJR8N-UH 8GB,26,14458,6699,NA
SK Hynix HMA81GS6CJR8N-VK 8GB,26,15997,10948,NA
SK Hynix HMA81GS6MFR8N-UH 8GB,26,14402,10325,NA
SK Hynix HMA81GU6AFR8N-UH 8GB,26,15957,11002,NA
SK Hynix HMA81GU6CJR8N-UH 8GB,27,16366,11033,NA
SK Hynix HMA81GU6CJR8N-VK 8GB,25,17296,12760,NA
SK Hynix HMA81GU6JJR8N-VK 8GB,23,17762,13238,NA
SK Hynix HMA81GU6MFR8N-UH 8GB,25,15974,11161,NA
SK Hynix HMA82GR7AFR8N-UH 16GB,39,9244,6907,NA
SK Hynix HMA82GR7MFR4N-UH 16GB,37,9487,7059,NA
SK Hynix HMA82GR7MFR8N-UH 16GB,41,8697,7049,NA
SK Hynix HMA82GR8AMR4N-TF 16GB,37,10353,7895,NA
SK Hynix HMA82GS6AFR8N-UH 16GB,27,14442,9753,NA
SK Hynix HMA82GS6CJR8N-VK 16GB,26,16414,9639,NA
SK Hynix HMA82GS6JJR8N-VK 16GB,28,15297,9246,NA
SK Hynix HMA82GS6MFR8N-TF 16GB,28,13520,9244,NA
SK Hynix HMA82GU6AFR8N-UH 16GB,26,16495,10795,NA
SK Hynix HMA82GU6CJR8N-VK 16GB,26,16518,13702,NA
SK Hynix HMA82GU6MFR8N-TF 16GB,24,13981,7575,NA
SK Hynix HMA84GL7AMR4N-TF 32GB,36,9229,8089,NA
SK Hynix HMA84GL7MMR4N-TF 32GB,43,8382,6512,NA
SK Hynix HMA84GR7AFR4N-UH 32GB,52,10761,6464,NA
SK Hynix HMA84GR7MFR4N-TF 32GB,46,8689,7355,NA
SK Hynix HMA84GR7MFR4N-UH 32GB,36,9745,7112,NA
SK Hynix HMA851S6AFR6N-UH 4GB,27,14936,10771,NA
SK Hynix HMA851S6CJR6N-VK 4GB,26,16969,12156,NA
SK Hynix HMA851U6AFR6N-UH 4GB,27,15128,10008,NA
SK Hynix HMA851U6CJR6N-UH 4GB,30,16504,12568,NA
SK Hynix HMA851U6CJR6N-VK 4GB,26,17009,11568,NA
SK Hynix V-GeN D4H8GL26A8TX5 8GB,21,17742,13265,NA
Smart Modular SF464128CK8I6GKSEG 4GB,28,17337,12687,NA
Smart Modular SF464128CKHIWDFSEG 4GB,28,14479,10713,NA
Smart Modular SF4641G8CK8I6GKSEG 8GB,27,16720,11427,NA
Smart Modular SF4641G8CK8I8GKSBG 8GB,25,17364,12842,NA
Smart Modular SF4641G8CK8IEHLSBG 8GB,28,15858,10335,NA
Smart Modular SF4641G8CK8IWGKSEG 8GB,25,15142,10301,NA
Smart Modular SF4641G8CKHI6DFSDS 8GB,25,16750,12697,NA
Smart Modular SF4641G8CKHIWDFSEG 8GB,27,15032,11765,NA
Super Talent F21UB8GS 8GB,22,13960,7164,NA
Super Talent F24EB8GS 8GB,28,16036,12436,$125.00*
Team Group Inc. DDR4 2666 8GB,28,13004,10412,NA
Team Group Inc. DDR4 2800 8GB,29,13190,10650,NA
Team Group Inc. DDR4 3000 4GB,23,16352,12692,NA
Team Group Inc. Team-Elite-2133 4GB,26,14331,10939,NA
Team Group Inc. Team-Elite-2400 4GB,25,14641,11181,NA
Team Group Inc. TEAMGROUP-D4-3733 8GB,19,20043,16426,NA
Team Group Inc. TEAMGROUP-D4-3866 4GB,17,21739,18313,NA
Team Group Inc. TEAMGROUP-SD4-2133 8GB,27,13681,10169,NA
Team Group Inc. TEAMGROUP-SD4-2400 16GB,26,15524,11003,NA
Team Group Inc. TEAMGROUP-UD4-2133 8GB,24,14957,9428,NA
Team Group Inc. TEAMGROUP-UD4-2400 8GB,24,16109,11281,NA
Team Group Inc. TEAMGROUP-UD4-2666 8GB,21,17807,12446,NA
Team Group Inc. TEAMGROUP-UD4-2800 8GB,22,17423,12705,NA
Team Group Inc. TEAMGROUP-UD4-3000 8GB,21,17991,13400,NA
Team Group Inc. TEAMGROUP-UD4-3200 8GB,19,19754,15022,NA
Team Group Inc. TEAMGROUP-UD4-3600 8GB,21,18469,15077,NA
Team Group Inc. TEAMGROUP-UD4-3733 8GB,21,18376,14031,NA
Team Group Inc. TEAMGROUP-UD4-4000 4GB,19,19764,15904,NA
Team Group Inc. TEAMGROUP-UD4-4133 8GB,16,23204,17540,NA
Team Group Inc. TEAMGROUP-UD4-4500 8GB,23,17567,13499,NA
Teikon TMA451S6AFR8N-TFSC 4GB,31,14624,11477,NA
Teikon TMA81GS6AFR8N-UHSC 8GB,26,13615,8049,NA
Transcend Information JM2400HLB-8G 8GB,23,16202,12113,NA
Transcend Information JM2666HLB-8G 8GB,22,17984,12889,NA
Transcend Information TS1GLH64V1H 8GB,26,14723,10188,NA
Transcend Information TS1GSH64V1H 8GB,27,14208,9750,NA
Transcend Information TS1GSH64V4B 8GB,27,12821,8171,NA
Transcend Information TS2GLH64V1B 16GB,26,14666,10092,NA
Transcend Information TS2GSH64V1B 16GB,30,11391,7533,NA
Transcend Information TS2GSH64V4B 16GB,26,14551,10345,NA
Transcend Information TS512MLH64V1H 4GB,23,16376,11657,NA
Transcend Information TS512MSH64V1H 4GB,25,15135,11182,NA
V-Color Technology Inc. TC416G24D817 16GB,24,14963,7705,NA
V-Color Technology Inc. TD8G16C16-UHK 8GB,22,17942,14467,NA
V-Color Technology Inc. TN416G24D817-VHA/R 16GB,25,14055,7378,NA
V-Color Technology Inc. TN416G26D819-SB 16GB,24,16096,8586,NA
Wilk Elektronik S.A. GR2133D464L15/8G 8GB,25,13448,7439,NA
Wilk Elektronik S.A. GR2133D464L15S/8G 8GB,23,15191,8959,NA
Wilk Elektronik S.A. GR2133S464L15/16G 16GB,27,14474,10920,NA
Wilk Elektronik S.A. GR2133S464L15/8G 8GB,28,14513,11560,NA
Wilk Elektronik S.A. GR2400S464L17S/8G 8GB,23,15965,12022,NA
Wilk Elektronik S.A. GY2133D464L15S/8G 8GB,25,13970,7241,NA
Wilk Elektronik S.A. GY2400D464L15/8G 8GB,24,15721,11027,NA
Wilk Elektronik S.A. GY2400D464L15S/8G 8GB,24,13920,9892,NA
Wilk Elektronik S.A. IR2133D464L15S/8G 8GB,23,15251,9508,NA
Wilk Elektronik S.A. IR2400D464L15S/4G 4GB,22,16721,11795,NA
Wilk Elektronik S.A. IR2400D464L15S/8G 8GB,23,15041,9987,NA
Wilk Elektronik S.A. IR2400D464L17/16G 16GB,23,16758,9616,NA
Wilk Elektronik S.A. IR2400D464L17S/8G 8GB,24,13865,6435,NA
Wilk Elektronik S.A. IRX3000D464L16S/8G 8GB,19,19945,15467,NA
